file,class,method,constructor,line,cbo,cboModified,fanin,fanout,wmc,rfc,loc,returnsQty,variablesQty,parametersQty,methodsInvokedQty,methodsInvokedLocalQty,methodsInvokedIndirectLocalQty,loopQty,comparisonsQty,tryCatchQty,parenthesizedExpsQty,stringLiteralsQty,numbersQty,assignmentsQty,mathOperationsQty,maxNestedBlocksQty,anonymousClassesQty,innerClassesQty,lambdasQty,uniqueWordsQty,modifiers,logStatementsQty,hasJavaDoc
C:\ghidra-master\GPL\DMG\src\dmg\java\mobiledevices\dmg\ghidra\GDataConverterBE.java,mobiledevices.dmg.ghidra.GDataConverterBE,getLong/1[byte[]],FALSE,62,2,1,0,1,1,1,3,1,0,1,1,1,1,0,0,0,0,0,1,0,0,0,0,0,0,3,17,0,TRUE
C:\ghidra-master\GPL\DMG\src\dmg\java\mobiledevices\dmg\ghidra\GDataConverterBE.java,mobiledevices.dmg.ghidra.GDataConverterBE,"getBytes/2[short,byte[]]",FALSE,101,2,3,2,1,1,1,3,0,0,2,1,1,1,0,0,0,0,0,1,0,0,0,0,0,0,3,17,0,TRUE
C:\ghidra-master\GPL\DMG\src\dmg\java\mobiledevices\dmg\ghidra\GDataConverterBE.java,mobiledevices.dmg.ghidra.GDataConverterBE,"getValue/2[byte[],int]",FALSE,80,2,1,0,1,1,1,3,1,0,2,1,1,1,0,0,0,0,0,1,0,0,0,0,0,0,3,1,0,TRUE
C:\ghidra-master\GPL\DMG\src\dmg\java\mobiledevices\dmg\ghidra\GDataConverterBE.java,mobiledevices.dmg.ghidra.GDataConverterBE,"getBytes/3[long,byte[],int]",FALSE,141,2,2,1,1,1,1,3,0,0,3,1,1,1,0,0,0,0,0,1,0,0,0,0,0,0,3,1,0,TRUE
C:\ghidra-master\GPL\DMG\src\dmg\java\mobiledevices\dmg\ghidra\GDataConverterBE.java,mobiledevices.dmg.ghidra.GDataConverterBE,getBytes/1[short],FALSE,218,2,1,0,1,1,1,5,1,1,1,1,1,2,0,0,0,0,0,1,1,0,0,0,0,0,4,1,0,TRUE
C:\ghidra-master\GPL\DMG\src\dmg\java\mobiledevices\dmg\ghidra\GDataConverterBE.java,mobiledevices.dmg.ghidra.GDataConverterBE,"getLong/2[byte[],int]",FALSE,69,1,1,1,0,2,0,7,1,2,2,0,0,0,1,0,0,2,0,4,3,2,1,0,0,0,6,1,0,TRUE
C:\ghidra-master\GPL\DMG\src\dmg\java\mobiledevices\dmg\ghidra\GDataConverterBE.java,mobiledevices.dmg.ghidra.GDataConverterBE,getInt/1[byte[]],FALSE,44,2,1,0,1,1,1,3,1,0,1,1,1,1,0,0,0,0,0,1,0,0,0,0,0,0,3,17,0,TRUE
C:\ghidra-master\GPL\DMG\src\dmg\java\mobiledevices\dmg\ghidra\GDataConverterBE.java,mobiledevices.dmg.ghidra.GDataConverterBE,getBytes/1[int],FALSE,200,2,1,0,1,1,1,5,1,1,1,1,1,2,0,0,0,0,0,1,1,0,0,0,0,0,4,1,0,TRUE
C:\ghidra-master\GPL\DMG\src\dmg\java\mobiledevices\dmg\ghidra\GDataConverterBE.java,mobiledevices.dmg.ghidra.GDataConverterBE,"getBytes/2[long,byte[]]",FALSE,134,2,3,2,1,1,1,3,0,0,2,1,1,1,0,0,0,0,0,2,0,0,0,0,0,0,3,17,0,TRUE
C:\ghidra-master\GPL\DMG\src\dmg\java\mobiledevices\dmg\ghidra\GDataConverterBE.java,mobiledevices.dmg.ghidra.GDataConverterBE,GDataConverterBE/0,TRUE,24,0,1,1,0,1,0,2,0,0,0,0,0,0,0,0,0,0,0,0,0,0,0,0,0,0,6,1,0,TRUE
C:\ghidra-master\GPL\DMG\src\dmg\java\mobiledevices\dmg\ghidra\GDataConverterBE.java,mobiledevices.dmg.ghidra.GDataConverterBE,"putShort/2[byte[],short]",FALSE,193,2,1,0,1,1,1,3,0,0,2,1,1,2,0,0,0,0,0,0,0,0,0,0,0,0,5,17,0,TRUE
C:\ghidra-master\GPL\DMG\src\dmg\java\mobiledevices\dmg\ghidra\GDataConverterBE.java,mobiledevices.dmg.ghidra.GDataConverterBE,"putInt/2[byte[],int]",FALSE,165,2,1,0,1,1,1,3,0,0,2,1,1,2,0,0,0,0,0,0,0,0,0,0,0,0,5,17,0,TRUE
C:\ghidra-master\GPL\DMG\src\dmg\java\mobiledevices\dmg\ghidra\GDataConverterBE.java,mobiledevices.dmg.ghidra.GDataConverterBE,"putLong/2[byte[],long]",FALSE,179,2,1,0,1,1,1,3,0,0,2,1,1,2,0,0,0,0,0,0,0,0,0,0,0,0,5,17,0,TRUE
C:\ghidra-master\GPL\DMG\src\dmg\java\mobiledevices\dmg\ghidra\GDataConverterBE.java,mobiledevices.dmg.ghidra.GDataConverterBE,"getBytes/3[int,byte[],int]",FALSE,123,1,2,2,0,2,0,7,0,1,3,0,0,0,1,0,0,2,0,4,4,2,1,0,0,0,5,1,0,TRUE
C:\ghidra-master\GPL\DMG\src\dmg\java\mobiledevices\dmg\ghidra\GDataConverterBE.java,mobiledevices.dmg.ghidra.GDataConverterBE,"putInt/3[byte[],int,int]",FALSE,158,2,1,0,1,1,1,3,0,0,3,1,1,1,0,0,0,0,0,0,0,0,0,0,0,0,5,17,0,TRUE
C:\ghidra-master\GPL\DMG\src\dmg\java\mobiledevices\dmg\ghidra\GDataConverterBE.java,mobiledevices.dmg.ghidra.GDataConverterBE,"getValue/3[byte[],int,int]",FALSE,87,1,1,1,0,3,0,10,1,2,3,0,0,0,1,0,0,2,1,5,3,3,1,0,0,0,13,1,0,TRUE
C:\ghidra-master\GPL\DMG\src\dmg\java\mobiledevices\dmg\ghidra\GDataConverterBE.java,mobiledevices.dmg.ghidra.GDataConverterBE,"putLong/3[byte[],int,long]",FALSE,172,2,1,0,1,1,1,3,0,0,3,1,1,2,0,0,0,0,0,0,0,0,0,0,0,0,5,17,0,TRUE
C:\ghidra-master\GPL\DMG\src\dmg\java\mobiledevices\dmg\ghidra\GDataConverterBE.java,mobiledevices.dmg.ghidra.GDataConverterBE,"getShort/2[byte[],int]",FALSE,37,1,1,1,0,1,0,3,1,0,2,0,0,0,0,0,0,4,0,4,0,2,0,0,0,0,4,1,0,TRUE
C:\ghidra-master\GPL\DMG\src\dmg\java\mobiledevices\dmg\ghidra\GDataConverterBE.java,mobiledevices.dmg.ghidra.GDataConverterBE,getShort/1[byte[]],FALSE,30,2,1,0,1,1,1,3,1,0,1,1,1,1,0,0,0,0,0,1,0,0,0,0,0,0,3,17,0,TRUE
C:\ghidra-master\GPL\DMG\src\dmg\java\mobiledevices\dmg\ghidra\GDataConverterBE.java,mobiledevices.dmg.ghidra.GDataConverterBE,"getBytes/4[long,int,byte[],int]",FALSE,148,1,2,2,0,2,0,6,0,1,4,0,0,0,1,0,0,0,0,3,3,2,1,0,0,0,6,1,0,TRUE
C:\ghidra-master\GPL\DMG\src\dmg\java\mobiledevices\dmg\ghidra\GDataConverterBE.java,mobiledevices.dmg.ghidra.GDataConverterBE,getBytes/1[long],FALSE,209,2,1,0,1,1,1,5,1,1,1,1,1,2,0,0,0,0,0,1,1,0,0,0,0,0,4,1,0,TRUE
C:\ghidra-master\GPL\DMG\src\dmg\java\mobiledevices\dmg\ghidra\GDataConverterBE.java,mobiledevices.dmg.ghidra.GDataConverterBE,"getInt/2[byte[],int]",FALSE,51,1,1,1,0,2,0,7,1,2,2,0,0,0,1,0,0,2,0,4,3,2,1,0,0,0,6,1,0,TRUE
C:\ghidra-master\GPL\DMG\src\dmg\java\mobiledevices\dmg\ghidra\GDataConverterBE.java,mobiledevices.dmg.ghidra.GDataConverterBE,"getBytes/2[int,byte[]]",FALSE,116,2,3,2,1,1,1,3,0,0,2,1,1,1,0,0,0,0,0,1,0,0,0,0,0,0,3,17,0,TRUE
C:\ghidra-master\GPL\DMG\src\dmg\java\mobiledevices\dmg\ghidra\GDataConverterBE.java,mobiledevices.dmg.ghidra.GDataConverterBE,"getBytes/3[short,byte[],int]",FALSE,108,1,2,2,0,1,0,4,0,0,3,0,0,0,0,0,0,2,0,3,2,2,0,0,0,0,5,1,0,TRUE
C:\ghidra-master\GPL\DMG\src\dmg\java\mobiledevices\dmg\ghidra\GDataConverterBE.java,mobiledevices.dmg.ghidra.GDataConverterBE,"putShort/3[byte[],int,short]",FALSE,186,2,1,0,1,1,1,3,0,0,3,1,1,1,0,0,0,0,0,0,0,0,0,0,0,0,5,17,0,TRUE
C:\ghidra-master\GPL\DMG\src\dmg\java\mobiledevices\dmg\zlib\ZLIB.java,mobiledevices.dmg.zlib.ZLIB,"decompress/2[java.io.InputStream,int]",FALSE,19,1,3,2,1,1,1,3,1,0,2,1,1,2,0,0,0,0,0,0,0,0,0,0,0,0,12,1,0,FALSE
C:\ghidra-master\GPL\DMG\src\dmg\java\mobiledevices\dmg\zlib\ZLIB.java,mobiledevices.dmg.zlib.ZLIB,ZLIB/0,TRUE,16,0,2,2,0,1,0,2,0,0,0,0,0,0,0,0,0,0,0,0,0,0,0,0,0,0,4,1,0,FALSE
C:\ghidra-master\GPL\DMG\src\dmg\java\mobiledevices\dmg\zlib\ZLIB.java,mobiledevices.dmg.zlib.ZLIB,convertInputStreamToByteArray/1[java.io.InputStream],FALSE,108,1,1,1,0,3,3,12,1,3,1,3,0,0,1,1,0,0,0,3,3,0,2,0,0,0,28,2,0,TRUE
C:\ghidra-master\GPL\DMG\src\dmg\java\mobiledevices\dmg\zlib\ZLIB.java,mobiledevices.dmg.zlib.ZLIB,"compress/2[boolean,byte[]]",FALSE,69,1,1,1,0,4,7,20,1,5,2,7,0,0,1,1,0,0,1,5,6,1,2,0,0,0,18,1,0,FALSE
C:\ghidra-master\GPL\DMG\src\dmg\java\mobiledevices\dmg\zlib\ZLIB.java,mobiledevices.dmg.zlib.ZLIB,"decompress/3[java.io.InputStream,int,boolean]",FALSE,23,2,2,1,1,7,6,27,1,7,3,6,1,1,1,2,1,0,0,6,9,1,3,0,0,0,32,1,0,FALSE
C:\ghidra-master\GPL\DMG\src\dmg\java\mobiledevices\dmg\zlib\ZLIB.java,mobiledevices.dmg.zlib.ZLIB,compress/1[byte[]],FALSE,65,2,1,0,1,1,1,3,1,0,1,1,1,1,0,0,0,0,0,0,0,0,0,0,0,0,7,1,0,FALSE
C:\ghidra-master\GPL\DMG\src\dmg\java\mobiledevices\dmg\decmpfs\DecmpfsHeader.java,mobiledevices.dmg.decmpfs.DecmpfsHeader,"DecmpfsHeader/2[mobiledevices.dmg.ghidra.GBinaryReader,int]",TRUE,17,1,7,1,6,4,7,21,0,4,2,7,0,0,0,2,0,2,1,7,9,5,1,0,0,0,17,1,0,FALSE
C:\ghidra-master\GPL\DMG\src\dmg\java\mobiledevices\dmg\decmpfs\DecmpfsHeader.java,mobiledevices.dmg.decmpfs.DecmpfsHeader,getCompressionMagic/0,FALSE,47,1,1,0,1,1,1,3,1,0,0,1,0,0,0,0,0,0,0,0,0,0,0,0,0,0,5,1,0,FALSE
C:\ghidra-master\GPL\DMG\src\dmg\java\mobiledevices\dmg\decmpfs\DecmpfsHeader.java,mobiledevices.dmg.decmpfs.DecmpfsHeader,getCompressionType/0,FALSE,51,0,1,1,0,1,0,3,1,0,0,0,0,0,0,0,0,0,0,0,0,0,0,0,0,0,5,1,0,FALSE
C:\ghidra-master\GPL\DMG\src\dmg\java\mobiledevices\dmg\decmpfs\DecmpfsHeader.java,mobiledevices.dmg.decmpfs.DecmpfsHeader,getUncompressedSize/0,FALSE,55,0,3,3,0,1,0,3,1,0,0,0,0,0,0,0,0,0,0,0,0,0,0,0,0,0,5,1,0,FALSE
C:\ghidra-master\GPL\DMG\src\dmg\java\mobiledevices\dmg\decmpfs\DecmpfsHeader.java,mobiledevices.dmg.decmpfs.DecmpfsHeader,getAttrBytes/0,FALSE,59,1,1,1,0,1,0,3,1,0,0,0,0,0,0,0,0,0,0,0,0,0,0,0,0,0,5,1,0,FALSE
C:\ghidra-master\GPL\DMG\src\dmg\java\mobiledevices\dmg\ghidra\GRandomAccessFile.java,mobiledevices.dmg.ghidra.GRandomAccessFile,write/1[byte],FALSE,223,2,3,1,2,1,2,4,0,0,1,2,2,2,0,0,0,0,0,2,0,0,0,0,0,0,17,1,0,TRUE
C:\ghidra-master\GPL\DMG\src\dmg\java\mobiledevices\dmg\ghidra\GRandomAccessFile.java,mobiledevices.dmg.ghidra.GRandomAccessFile,close/0,FALSE,99,1,2,1,1,1,2,5,0,0,0,2,1,1,0,0,0,0,0,0,1,0,0,0,0,0,38,1,0,TRUE
C:\ghidra-master\GPL\DMG\src\dmg\java\mobiledevices\dmg\ghidra\GRandomAccessFile.java,mobiledevices.dmg.ghidra.GRandomAccessFile,length/0,FALSE,110,1,3,2,1,1,2,4,1,0,0,2,1,1,0,0,0,0,0,0,0,0,0,0,0,0,13,1,0,TRUE
C:\ghidra-master\GPL\DMG\src\dmg\java\mobiledevices\dmg\ghidra\GRandomAccessFile.java,mobiledevices.dmg.ghidra.GRandomAccessFile,read/1[byte[]],FALSE,177,2,3,1,2,1,2,4,1,0,1,2,2,5,0,0,0,0,0,1,0,0,0,0,0,0,41,1,0,TRUE
C:\ghidra-master\GPL\DMG\src\dmg\java\mobiledevices\dmg\ghidra\GRandomAccessFile.java,mobiledevices.dmg.ghidra.GRandomAccessFile,write/1[byte[]],FALSE,234,2,3,1,2,1,2,4,0,0,1,2,2,2,0,0,0,0,0,1,0,0,0,0,0,0,21,1,0,TRUE
C:\ghidra-master\GPL\DMG\src\dmg\java\mobiledevices\dmg\ghidra\GRandomAccessFile.java,mobiledevices.dmg.ghidra.GRandomAccessFile,"GRandomAccessFile/2[java.io.File,java.lang.String]",TRUE,78,0,2,2,0,1,0,4,0,0,2,0,0,0,0,0,0,0,0,0,2,0,0,0,0,0,106,1,0,TRUE
C:\ghidra-master\GPL\DMG\src\dmg\java\mobiledevices\dmg\ghidra\GRandomAccessFile.java,mobiledevices.dmg.ghidra.GRandomAccessFile,"read/3[byte[],int,int]",FALSE,195,2,4,1,3,5,4,22,1,2,3,4,3,4,1,0,0,2,0,3,6,3,3,0,0,0,60,1,0,TRUE
C:\ghidra-master\GPL\DMG\src\dmg\java\mobiledevices\dmg\ghidra\GRandomAccessFile.java,mobiledevices.dmg.ghidra.GRandomAccessFile,swapInLast/0,FALSE,286,2,3,2,1,2,1,15,1,3,0,1,1,1,0,1,0,0,0,0,9,0,1,0,0,0,20,2,0,FALSE
C:\ghidra-master\GPL\DMG\src\dmg\java\mobiledevices\dmg\ghidra\GRandomAccessFile.java,mobiledevices.dmg.ghidra.GRandomAccessFile,seek/1[long],FALSE,129,1,7,5,2,6,2,15,0,0,1,2,2,2,0,0,0,0,1,2,4,3,2,0,0,0,70,1,0,TRUE
C:\ghidra-master\GPL\DMG\src\dmg\java\mobiledevices\dmg\ghidra\GRandomAccessFile.java,mobiledevices.dmg.ghidra.GRandomAccessFile,readByte/0,FALSE,160,1,3,1,2,1,2,5,1,0,0,2,2,3,0,0,0,0,0,1,0,0,0,0,0,0,36,1,0,TRUE
C:\ghidra-master\GPL\DMG\src\dmg\java\mobiledevices\dmg\ghidra\GRandomAccessFile.java,mobiledevices.dmg.ghidra.GRandomAccessFile,finalize/0,FALSE,84,0,0,0,0,2,0,4,0,0,0,0,0,0,0,0,0,0,0,0,0,0,1,0,0,0,2,4,0,FALSE
C:\ghidra-master\GPL\DMG\src\dmg\java\mobiledevices\dmg\ghidra\GRandomAccessFile.java,mobiledevices.dmg.ghidra.GRandomAccessFile,ensure/1[int],FALSE,259,2,4,2,2,5,4,20,0,4,1,4,2,2,0,0,0,2,0,1,8,6,2,0,0,0,39,2,0,TRUE
C:\ghidra-master\GPL\DMG\src\dmg\java\mobiledevices\dmg\ghidra\GRandomAccessFile.java,mobiledevices.dmg.ghidra.GRandomAccessFile,"write/3[byte[],int,int]",FALSE,246,2,3,2,1,1,2,8,0,0,3,2,1,1,0,0,0,0,0,2,4,0,0,0,0,0,39,1,0,TRUE
C:\ghidra-master\GPL\DMG\src\dmg\java\mobiledevices\dmg\ghidra\GRandomAccessFile.java,mobiledevices.dmg.ghidra.GRandomAccessFile,checkOpen/0,FALSE,29,0,11,11,0,2,0,5,0,0,0,0,0,0,0,0,0,0,1,0,0,0,1,0,0,0,7,2,0,FALSE
C:\ghidra-master\GPL\DMG\src\dmg\java\mobiledevices\dmg\ghidra\GConv.java,mobiledevices.dmg.ghidra.GConv,toHexString/1[int],FALSE,107,1,1,0,1,1,2,3,1,0,1,2,1,1,0,0,0,0,0,1,0,0,0,0,0,0,14,9,0,TRUE
C:\ghidra-master\GPL\DMG\src\dmg\java\mobiledevices\dmg\ghidra\GConv.java,mobiledevices.dmg.ghidra.GConv,shortToInt/1[short],FALSE,59,0,1,1,0,1,0,3,1,0,1,0,0,0,0,0,0,1,0,0,0,0,0,0,0,0,21,9,0,TRUE
C:\ghidra-master\GPL\DMG\src\dmg\java\mobiledevices\dmg\ghidra\GConv.java,mobiledevices.dmg.ghidra.GConv,shortToLong/1[short],FALSE,67,1,1,0,1,1,1,3,1,0,1,1,1,1,0,0,0,0,0,0,0,0,0,0,0,0,20,9,0,TRUE
C:\ghidra-master\GPL\DMG\src\dmg\java\mobiledevices\dmg\ghidra\GConv.java,mobiledevices.dmg.ghidra.GConv,toHexString/1[short],FALSE,99,1,2,0,2,1,3,3,1,0,1,3,2,1,0,0,0,0,0,1,0,0,0,0,0,0,15,9,0,TRUE
C:\ghidra-master\GPL\DMG\src\dmg\java\mobiledevices\dmg\ghidra\GConv.java,mobiledevices.dmg.ghidra.GConv,toHexString/1[byte],FALSE,91,1,2,0,2,1,3,3,1,0,1,3,2,1,0,0,0,0,0,1,0,0,0,0,0,0,15,9,0,TRUE
C:\ghidra-master\GPL\DMG\src\dmg\java\mobiledevices\dmg\ghidra\GConv.java,mobiledevices.dmg.ghidra.GConv,"zeropad/2[java.lang.String,int]",FALSE,126,0,4,4,0,3,3,9,1,3,2,3,0,0,1,1,0,0,1,2,4,1,1,0,0,0,29,9,0,TRUE
C:\ghidra-master\GPL\DMG\src\dmg\java\mobiledevices\dmg\ghidra\GConv.java,mobiledevices.dmg.ghidra.GConv,byteToLong/1[byte],FALSE,51,1,1,0,1,1,1,3,1,0,1,1,1,1,0,0,0,0,0,0,0,0,0,0,0,0,20,9,0,TRUE
C:\ghidra-master\GPL\DMG\src\dmg\java\mobiledevices\dmg\ghidra\GConv.java,mobiledevices.dmg.ghidra.GConv,intToLong/1[int],FALSE,75,0,2,2,0,1,0,3,1,0,1,0,0,0,0,0,0,1,0,0,0,0,0,0,0,0,20,9,0,TRUE
C:\ghidra-master\GPL\DMG\src\dmg\java\mobiledevices\dmg\ghidra\GConv.java,mobiledevices.dmg.ghidra.GConv,toString/1[byte[]],FALSE,79,1,0,0,0,2,2,7,1,1,1,2,0,0,1,0,0,0,0,0,1,0,1,0,0,0,6,9,0,FALSE
C:\ghidra-master\GPL\DMG\src\dmg\java\mobiledevices\dmg\ghidra\GConv.java,mobiledevices.dmg.ghidra.GConv,byteToShort/1[byte],FALSE,35,0,0,0,0,1,0,3,1,0,1,0,0,0,0,0,0,1,0,0,0,0,0,0,0,0,19,9,0,TRUE
C:\ghidra-master\GPL\DMG\src\dmg\java\mobiledevices\dmg\ghidra\GConv.java,mobiledevices.dmg.ghidra.GConv,byteToInt/1[byte],FALSE,43,0,1,1,0,1,0,3,1,0,1,0,0,0,0,0,0,1,0,0,0,0,0,0,0,0,21,9,0,TRUE
C:\ghidra-master\GPL\DMG\src\dmg\java\mobiledevices\dmg\ghidra\GConv.java,mobiledevices.dmg.ghidra.GConv,GConv/0,TRUE,15,0,0,0,0,1,0,2,0,0,0,0,0,0,0,0,0,0,0,0,0,0,0,0,0,0,2,2,0,FALSE
C:\ghidra-master\GPL\DMG\src\dmg\java\mobiledevices\dmg\ghidra\GConv.java,mobiledevices.dmg.ghidra.GConv,toHexString/1[long],FALSE,115,1,1,0,1,1,2,3,1,0,1,2,1,1,0,0,0,0,0,1,0,0,0,0,0,0,12,9,0,TRUE
C:\ghidra-master\GPL\DMG\src\dmg\java\mobiledevices\dmg\ghidra\GSystemUtilities.java,mobiledevices.dmg.ghidra.GSystemUtilities,"isEqual/2[java.lang.Object,java.lang.Object]",FALSE,9,0,0,0,0,2,1,6,2,0,2,1,0,0,0,2,0,1,0,0,0,0,1,0,0,0,6,9,0,FALSE
C:\ghidra-master\GPL\DMG\src\dmg\java\mobiledevices\dmg\btree\BTreeNodeDescriptor.java,mobiledevices.dmg.btree.BTreeNodeDescriptor,"readRecords/2[mobiledevices.dmg.ghidra.GBinaryReader,long]",FALSE,51,3,5,1,4,2,5,9,0,4,2,5,2,1,1,0,0,1,0,2,4,1,1,0,0,0,22,4,0,FALSE
C:\ghidra-master\GPL\DMG\src\dmg\java\mobiledevices\dmg\btree\BTreeNodeDescriptor.java,mobiledevices.dmg.btree.BTreeNodeDescriptor,getReserved/0,FALSE,119,0,0,0,0,1,0,3,1,0,0,0,0,0,0,0,0,0,0,0,0,0,0,0,0,0,6,1,0,TRUE
C:\ghidra-master\GPL\DMG\src\dmg\java\mobiledevices\dmg\btree\BTreeNodeDescriptor.java,mobiledevices.dmg.btree.BTreeNodeDescriptor,getRecords/0,FALSE,68,1,1,1,0,1,0,3,1,0,0,0,0,0,0,0,0,0,0,0,0,0,0,0,0,0,3,1,0,FALSE
C:\ghidra-master\GPL\DMG\src\dmg\java\mobiledevices\dmg\btree\BTreeNodeDescriptor.java,mobiledevices.dmg.btree.BTreeNodeDescriptor,getBLink/0,FALSE,86,0,0,0,0,1,0,3,1,0,0,0,0,0,0,0,0,0,0,0,0,0,0,0,0,0,14,1,0,TRUE
C:\ghidra-master\GPL\DMG\src\dmg\java\mobiledevices\dmg\btree\BTreeNodeDescriptor.java,mobiledevices.dmg.btree.BTreeNodeDescriptor,getKind/0,FALSE,95,0,1,1,0,1,0,3,1,0,0,0,0,0,0,0,0,0,0,0,0,0,0,0,0,0,12,1,0,TRUE
C:\ghidra-master\GPL\DMG\src\dmg\java\mobiledevices\dmg\btree\BTreeNodeDescriptor.java,mobiledevices.dmg.btree.BTreeNodeDescriptor,getNumRecords/0,FALSE,111,0,1,1,0,1,0,3,1,0,0,0,0,0,0,0,0,0,0,0,0,0,0,0,0,0,11,1,0,TRUE
C:\ghidra-master\GPL\DMG\src\dmg\java\mobiledevices\dmg\btree\BTreeNodeDescriptor.java,mobiledevices.dmg.btree.BTreeNodeDescriptor,BTreeNodeDescriptor/1[mobiledevices.dmg.ghidra.GBinaryReader],TRUE,29,1,4,1,3,1,3,8,0,0,1,3,0,0,0,0,0,0,0,0,6,0,0,0,0,0,11,0,0,FALSE
C:\ghidra-master\GPL\DMG\src\dmg\java\mobiledevices\dmg\btree\BTreeNodeDescriptor.java,mobiledevices.dmg.btree.BTreeNodeDescriptor,"readRecordOffsets/3[mobiledevices.dmg.ghidra.GBinaryReader,long,mobiledevices.dmg.btree.BTreeHeaderRecord]",FALSE,39,2,3,1,2,3,3,11,0,2,3,3,0,0,1,1,0,0,0,3,3,3,2,0,0,0,17,4,0,FALSE
C:\ghidra-master\GPL\DMG\src\dmg\java\mobiledevices\dmg\btree\BTreeNodeDescriptor.java,mobiledevices.dmg.btree.BTreeNodeDescriptor,getFLink/0,FALSE,77,0,0,0,0,1,0,3,1,0,0,0,0,0,0,0,0,0,0,0,0,0,0,0,0,0,14,1,0,TRUE
C:\ghidra-master\GPL\DMG\src\dmg\java\mobiledevices\dmg\btree\BTreeNodeDescriptor.java,mobiledevices.dmg.btree.BTreeNodeDescriptor,getHeight/0,FALSE,103,0,0,0,0,1,0,3,1,0,0,0,0,0,0,0,0,0,0,0,0,0,0,0,0,0,12,1,0,TRUE
C:\ghidra-master\GPL\DMG\src\dmg\java\mobiledevices\dmg\btree\BTreeNodeDescriptor.java,mobiledevices.dmg.btree.BTreeNodeDescriptor,getRecordOffsets/0,FALSE,64,0,1,1,0,1,0,3,1,0,0,0,0,0,0,0,0,0,0,0,0,0,0,0,0,0,4,1,0,FALSE
C:\ghidra-master\GPL\DMG\src\dmg\java\mobiledevices\dmg\reader\DmgFileReader.java,mobiledevices.dmg.reader.DmgFileReader,open/0,FALSE,46,9,4,1,3,6,12,31,0,6,0,12,2,1,1,1,0,0,5,0,9,0,1,0,0,0,37,1,0,FALSE
C:\ghidra-master\GPL\DMG\src\dmg\java\mobiledevices\dmg\reader\DmgFileReader.java,mobiledevices.dmg.reader.DmgFileReader,"decompressResourceFork/3[mobiledevices.dmg.reader.FSEntry,mobiledevices.dmg.reader.ReadableRandomAccessStream,int]",FALSE,220,7,7,1,6,3,11,22,1,12,3,11,0,0,1,1,0,0,2,8,12,3,1,0,0,0,35,2,0,FALSE
C:\ghidra-master\GPL\DMG\src\dmg\java\mobiledevices\dmg\reader\DmgFileReader.java,mobiledevices.dmg.reader.DmgFileReader,getFileByPath/1[java.lang.String],FALSE,331,2,4,3,1,5,3,12,3,1,1,3,1,1,1,2,0,0,1,0,1,0,2,0,0,0,31,1,0,TRUE
C:\ghidra-master\GPL\DMG\src\dmg\java\mobiledevices\dmg\reader\DmgFileReader.java,mobiledevices.dmg.reader.DmgFileReader,getListing/1[java.lang.String],FALSE,264,2,2,1,1,7,7,20,1,3,1,7,1,2,2,2,0,0,1,0,3,0,4,0,0,0,18,1,0,FALSE
C:\ghidra-master\GPL\DMG\src\dmg\java\mobiledevices\dmg\reader\DmgFileReader.java,mobiledevices.dmg.reader.DmgFileReader,getLength/1[mobiledevices.dmg.reader.FSEntry],FALSE,289,4,3,1,2,7,6,20,4,2,1,6,0,0,0,3,1,0,0,3,2,0,4,0,0,0,29,1,0,TRUE
C:\ghidra-master\GPL\DMG\src\dmg\java\mobiledevices\dmg\reader\DmgFileReader.java,mobiledevices.dmg.reader.DmgFileReader,convertPathToArrayAndStripFileSystemName/1[java.lang.String],FALSE,317,0,3,3,0,2,2,9,2,2,1,2,0,0,0,0,0,0,1,6,2,2,1,0,0,0,28,1,0,TRUE
C:\ghidra-master\GPL\DMG\src\dmg\java\mobiledevices\dmg\reader\DmgFileReader.java,mobiledevices.dmg.reader.DmgFileReader,openPartition/1[mobiledevices.dmg.reader.Partition],FALSE,92,11,2,1,1,10,12,44,0,9,1,12,0,0,0,3,0,0,1,1,14,0,2,0,0,0,42,2,0,FALSE
C:\ghidra-master\GPL\DMG\src\dmg\java\mobiledevices\dmg\reader\DmgFileReader.java,mobiledevices.dmg.reader.DmgFileReader,getInfo/1[java.lang.String],FALSE,256,1,3,1,2,2,1,7,2,1,1,1,0,0,0,1,0,0,0,0,1,0,1,0,0,0,7,1,0,FALSE
C:\ghidra-master\GPL\DMG\src\dmg\java\mobiledevices\dmg\reader\DmgFileReader.java,mobiledevices.dmg.reader.DmgFileReader,getData/1[mobiledevices.dmg.reader.FSEntry],FALSE,166,10,10,1,9,11,15,37,7,10,1,15,1,1,0,8,0,0,0,7,10,1,4,0,0,0,39,1,0,FALSE
C:\ghidra-master\GPL\DMG\src\dmg\java\mobiledevices\dmg\reader\DmgFileReader.java,mobiledevices.dmg.reader.DmgFileReader,"debug/2[byte[],java.lang.String]",FALSE,88,1,1,1,0,1,0,2,0,0,2,0,0,0,0,0,0,0,0,0,0,0,0,0,0,0,3,2,0,FALSE
C:\ghidra-master\GPL\DMG\src\dmg\java\mobiledevices\dmg\reader\DmgFileReader.java,mobiledevices.dmg.reader.DmgFileReader,close/0,FALSE,151,1,1,0,1,3,3,13,0,0,0,3,0,0,0,1,1,0,0,0,1,0,1,0,0,0,7,1,0,FALSE
C:\ghidra-master\GPL\DMG\src\dmg\java\mobiledevices\dmg\reader\DmgFileReader.java,mobiledevices.dmg.reader.DmgFileReader,DmgFileReader/1[mobiledevices.dmg.ghidra.GByteProvider],TRUE,42,1,1,1,0,1,0,3,0,0,1,0,0,0,0,0,0,0,0,0,1,0,0,0,0,0,7,1,0,FALSE
C:\ghidra-master\GPL\DMG\src\dmg\java\mobiledevices\dmg\ghidra\GDataConverterLE.java,mobiledevices.dmg.ghidra.GDataConverterLE,"getBytes/2[short,byte[]]",FALSE,99,2,3,2,1,1,1,3,0,0,2,1,1,1,0,0,0,0,0,1,0,0,0,0,0,0,3,17,0,TRUE
C:\ghidra-master\GPL\DMG\src\dmg\java\mobiledevices\dmg\ghidra\GDataConverterLE.java,mobiledevices.dmg.ghidra.GDataConverterLE,getLong/1[byte[]],FALSE,60,2,1,0,1,1,1,3,1,0,1,1,1,1,0,0,0,0,0,1,0,0,0,0,0,0,3,17,0,TRUE
C:\ghidra-master\GPL\DMG\src\dmg\java\mobiledevices\dmg\ghidra\GDataConverterLE.java,mobiledevices.dmg.ghidra.GDataConverterLE,"getValue/2[byte[],int]",FALSE,78,2,1,0,1,1,1,3,1,0,2,1,1,1,0,0,0,0,0,1,0,0,0,0,0,0,3,1,0,TRUE
C:\ghidra-master\GPL\DMG\src\dmg\java\mobiledevices\dmg\ghidra\GDataConverterLE.java,mobiledevices.dmg.ghidra.GDataConverterLE,getBytes/1[short],FALSE,216,2,1,0,1,1,1,5,1,1,1,1,1,2,0,0,0,0,0,1,1,0,0,0,0,0,4,1,0,TRUE
C:\ghidra-master\GPL\DMG\src\dmg\java\mobiledevices\dmg\ghidra\GDataConverterLE.java,mobiledevices.dmg.ghidra.GDataConverterLE,"getBytes/3[long,byte[],int]",FALSE,139,2,2,1,1,1,1,3,0,0,3,1,1,1,0,0,0,0,0,1,0,0,0,0,0,0,3,1,0,TRUE
C:\ghidra-master\GPL\DMG\src\dmg\java\mobiledevices\dmg\ghidra\GDataConverterLE.java,mobiledevices.dmg.ghidra.GDataConverterLE,getBytes/1[int],FALSE,198,2,1,0,1,1,1,5,1,1,1,1,1,2,0,0,0,0,0,1,1,0,0,0,0,0,4,1,0,TRUE
C:\ghidra-master\GPL\DMG\src\dmg\java\mobiledevices\dmg\ghidra\GDataConverterLE.java,mobiledevices.dmg.ghidra.GDataConverterLE,GDataConverterLE/0,TRUE,22,0,1,1,0,1,0,2,0,0,0,0,0,0,0,0,0,0,0,0,0,0,0,0,0,0,6,1,0,TRUE
C:\ghidra-master\GPL\DMG\src\dmg\java\mobiledevices\dmg\ghidra\GDataConverterLE.java,mobiledevices.dmg.ghidra.GDataConverterLE,getInt/1[byte[]],FALSE,42,2,1,0,1,1,1,3,1,0,1,1,1,1,0,0,0,0,0,1,0,0,0,0,0,0,3,17,0,TRUE
C:\ghidra-master\GPL\DMG\src\dmg\java\mobiledevices\dmg\ghidra\GDataConverterLE.java,mobiledevices.dmg.ghidra.GDataConverterLE,"putLong/2[byte[],long]",FALSE,177,2,1,0,1,1,1,3,0,0,2,1,1,2,0,0,0,0,0,0,0,0,0,0,0,0,5,17,0,TRUE
C:\ghidra-master\GPL\DMG\src\dmg\java\mobiledevices\dmg\ghidra\GDataConverterLE.java,mobiledevices.dmg.ghidra.GDataConverterLE,"getLong/2[byte[],int]",FALSE,67,1,1,1,0,2,0,7,1,2,2,0,0,0,1,0,0,2,0,5,3,3,1,0,0,0,6,1,0,TRUE
C:\ghidra-master\GPL\DMG\src\dmg\java\mobiledevices\dmg\ghidra\GDataConverterLE.java,mobiledevices.dmg.ghidra.GDataConverterLE,"putShort/2[byte[],short]",FALSE,191,2,1,0,1,1,1,3,0,0,2,1,1,2,0,0,0,0,0,0,0,0,0,0,0,0,5,17,0,TRUE
C:\ghidra-master\GPL\DMG\src\dmg\java\mobiledevices\dmg\ghidra\GDataConverterLE.java,mobiledevices.dmg.ghidra.GDataConverterLE,"getBytes/3[int,byte[],int]",FALSE,121,1,2,2,0,2,0,7,0,1,3,0,0,0,1,0,0,2,0,3,4,1,1,0,0,0,5,1,0,TRUE
C:\ghidra-master\GPL\DMG\src\dmg\java\mobiledevices\dmg\ghidra\GDataConverterLE.java,mobiledevices.dmg.ghidra.GDataConverterLE,"putInt/2[byte[],int]",FALSE,163,2,1,0,1,1,1,3,0,0,2,1,1,2,0,0,0,0,0,0,0,0,0,0,0,0,5,17,0,TRUE
C:\ghidra-master\GPL\DMG\src\dmg\java\mobiledevices\dmg\ghidra\GDataConverterLE.java,mobiledevices.dmg.ghidra.GDataConverterLE,"getShort/2[byte[],int]",FALSE,35,1,1,1,0,1,0,3,1,0,2,0,0,0,0,0,0,4,0,4,0,2,0,0,0,0,4,1,0,TRUE
C:\ghidra-master\GPL\DMG\src\dmg\java\mobiledevices\dmg\ghidra\GDataConverterLE.java,mobiledevices.dmg.ghidra.GDataConverterLE,"getValue/3[byte[],int,int]",FALSE,85,1,1,1,0,3,0,10,1,2,3,0,0,0,1,0,0,2,1,6,3,4,1,0,0,0,13,1,0,TRUE
C:\ghidra-master\GPL\DMG\src\dmg\java\mobiledevices\dmg\ghidra\GDataConverterLE.java,mobiledevices.dmg.ghidra.GDataConverterLE,getShort/1[byte[]],FALSE,28,2,1,0,1,1,1,3,1,0,1,1,1,1,0,0,0,0,0,1,0,0,0,0,0,0,3,17,0,TRUE
C:\ghidra-master\GPL\DMG\src\dmg\java\mobiledevices\dmg\ghidra\GDataConverterLE.java,mobiledevices.dmg.ghidra.GDataConverterLE,"getBytes/2[long,byte[]]",FALSE,132,2,3,2,1,1,1,3,0,0,2,1,1,1,0,0,0,0,0,2,0,0,0,0,0,0,3,17,0,TRUE
C:\ghidra-master\GPL\DMG\src\dmg\java\mobiledevices\dmg\ghidra\GDataConverterLE.java,mobiledevices.dmg.ghidra.GDataConverterLE,"putLong/3[byte[],int,long]",FALSE,170,2,1,0,1,1,1,3,0,0,3,1,1,2,0,0,0,0,0,0,0,0,0,0,0,0,5,17,0,TRUE
C:\ghidra-master\GPL\DMG\src\dmg\java\mobiledevices\dmg\ghidra\GDataConverterLE.java,mobiledevices.dmg.ghidra.GDataConverterLE,"getBytes/4[long,int,byte[],int]",FALSE,146,1,2,2,0,2,0,6,0,1,4,0,0,0,1,0,0,0,0,2,3,1,1,0,0,0,6,1,0,TRUE
C:\ghidra-master\GPL\DMG\src\dmg\java\mobiledevices\dmg\ghidra\GDataConverterLE.java,mobiledevices.dmg.ghidra.GDataConverterLE,"putInt/3[byte[],int,int]",FALSE,156,2,1,0,1,1,1,3,0,0,3,1,1,1,0,0,0,0,0,0,0,0,0,0,0,0,5,17,0,TRUE
C:\ghidra-master\GPL\DMG\src\dmg\java\mobiledevices\dmg\ghidra\GDataConverterLE.java,mobiledevices.dmg.ghidra.GDataConverterLE,getBytes/1[long],FALSE,207,2,1,0,1,1,1,5,1,1,1,1,1,2,0,0,0,0,0,1,1,0,0,0,0,0,4,1,0,TRUE
C:\ghidra-master\GPL\DMG\src\dmg\java\mobiledevices\dmg\ghidra\GDataConverterLE.java,mobiledevices.dmg.ghidra.GDataConverterLE,"getInt/2[byte[],int]",FALSE,49,1,1,1,0,2,0,7,1,2,2,0,0,0,1,0,0,2,0,5,3,3,1,0,0,0,6,1,0,TRUE
C:\ghidra-master\GPL\DMG\src\dmg\java\mobiledevices\dmg\ghidra\GDataConverterLE.java,mobiledevices.dmg.ghidra.GDataConverterLE,"getBytes/2[int,byte[]]",FALSE,114,2,3,2,1,1,1,3,0,0,2,1,1,1,0,0,0,0,0,1,0,0,0,0,0,0,3,17,0,TRUE
C:\ghidra-master\GPL\DMG\src\dmg\java\mobiledevices\dmg\ghidra\GDataConverterLE.java,mobiledevices.dmg.ghidra.GDataConverterLE,"getBytes/3[short,byte[],int]",FALSE,106,1,2,2,0,1,0,4,0,0,3,0,0,0,0,0,0,2,0,3,2,2,0,0,0,0,5,1,0,TRUE
C:\ghidra-master\GPL\DMG\src\dmg\java\mobiledevices\dmg\ghidra\GDataConverterLE.java,mobiledevices.dmg.ghidra.GDataConverterLE,"putShort/3[byte[],int,short]",FALSE,184,2,1,0,1,1,1,3,0,0,3,1,1,1,0,0,0,0,0,0,0,0,0,0,0,0,5,17,0,TRUE
C:\ghidra-master\GPL\DMG\src\dmg\java\mobiledevices\dmg\ghidra\GDataConverter.java,mobiledevices.dmg.ghidra.GDataConverter,"getBytes/2[long,byte[]]",FALSE,123,1,0,0,0,1,0,1,0,0,2,0,0,0,0,0,0,0,0,0,0,0,0,0,0,0,20,1,0,TRUE
C:\ghidra-master\GPL\DMG\src\dmg\java\mobiledevices\dmg\ghidra\GDataConverter.java,mobiledevices.dmg.ghidra.GDataConverter,"putShort/2[byte[],short]",FALSE,173,1,0,0,0,1,0,1,0,0,2,0,0,0,0,0,0,0,0,0,0,0,0,0,0,0,12,1,0,TRUE
C:\ghidra-master\GPL\DMG\src\dmg\java\mobiledevices\dmg\ghidra\GDataConverter.java,mobiledevices.dmg.ghidra.GDataConverter,"getBytes/3[long,byte[],int]",FALSE,132,1,0,0,0,1,0,1,0,0,3,0,0,0,0,0,0,0,0,0,0,0,0,0,0,0,20,1,0,TRUE
C:\ghidra-master\GPL\DMG\src\dmg\java\mobiledevices\dmg\ghidra\GDataConverter.java,mobiledevices.dmg.ghidra.GDataConverter,getShort/1[byte[]],FALSE,17,1,1,1,0,1,0,1,0,0,1,0,0,0,0,0,0,0,0,0,0,0,0,0,0,0,19,1,0,TRUE
C:\ghidra-master\GPL\DMG\src\dmg\java\mobiledevices\dmg\ghidra\GDataConverter.java,mobiledevices.dmg.ghidra.GDataConverter,"putShort/3[byte[],int,short]",FALSE,180,1,0,0,0,1,0,1,0,0,3,0,0,0,0,0,0,0,0,0,0,0,0,0,0,0,16,1,0,TRUE
C:\ghidra-master\GPL\DMG\src\dmg\java\mobiledevices\dmg\ghidra\GDataConverter.java,mobiledevices.dmg.ghidra.GDataConverter,"putInt/3[byte[],int,int]",FALSE,195,1,0,0,0,1,0,1,0,0,3,0,0,0,0,0,0,0,0,0,0,0,0,0,0,0,16,1,0,TRUE
C:\ghidra-master\GPL\DMG\src\dmg\java\mobiledevices\dmg\ghidra\GDataConverter.java,mobiledevices.dmg.ghidra.GDataConverter,getBytes/1[short],FALSE,152,1,1,1,0,1,0,1,0,0,1,0,0,0,0,0,0,0,0,0,0,0,0,0,0,0,12,1,0,TRUE
C:\ghidra-master\GPL\DMG\src\dmg\java\mobiledevices\dmg\ghidra\GDataConverter.java,mobiledevices.dmg.ghidra.GDataConverter,"getValue/2[byte[],int]",FALSE,68,1,0,0,0,1,0,1,0,0,2,0,0,0,0,0,0,0,0,0,0,0,0,0,0,0,27,1,0,TRUE
C:\ghidra-master\GPL\DMG\src\dmg\java\mobiledevices\dmg\ghidra\GDataConverter.java,mobiledevices.dmg.ghidra.GDataConverter,"getBytes/4[long,int,byte[],int]",FALSE,141,1,0,0,0,1,0,1,0,0,4,0,0,0,0,0,0,0,0,0,0,0,0,0,0,0,30,1,0,TRUE
C:\ghidra-master\GPL\DMG\src\dmg\java\mobiledevices\dmg\ghidra\GDataConverter.java,mobiledevices.dmg.ghidra.GDataConverter,getBytes/1[int],FALSE,159,1,1,1,0,1,0,1,0,0,1,0,0,0,0,0,0,0,0,0,0,0,0,0,0,0,12,1,0,TRUE
C:\ghidra-master\GPL\DMG\src\dmg\java\mobiledevices\dmg\ghidra\GDataConverter.java,mobiledevices.dmg.ghidra.GDataConverter,getBytes/1[long],FALSE,166,1,1,1,0,1,0,1,0,0,1,0,0,0,0,0,0,0,0,0,0,0,0,0,0,0,12,1,0,TRUE
C:\ghidra-master\GPL\DMG\src\dmg\java\mobiledevices\dmg\ghidra\GDataConverter.java,mobiledevices.dmg.ghidra.GDataConverter,"getInt/2[byte[],int]",FALSE,42,1,0,0,0,1,0,1,0,0,2,0,0,0,0,0,0,0,0,0,0,0,0,0,0,0,22,1,0,TRUE
C:\ghidra-master\GPL\DMG\src\dmg\java\mobiledevices\dmg\ghidra\GDataConverter.java,mobiledevices.dmg.ghidra.GDataConverter,"getBytes/2[int,byte[]]",FALSE,105,1,0,0,0,1,0,1,0,0,2,0,0,0,0,0,0,0,0,0,0,0,0,0,0,0,20,1,0,TRUE
C:\ghidra-master\GPL\DMG\src\dmg\java\mobiledevices\dmg\ghidra\GDataConverter.java,mobiledevices.dmg.ghidra.GDataConverter,"putLong/3[byte[],int,long]",FALSE,210,1,0,0,0,1,0,1,0,0,3,0,0,0,0,0,0,0,0,0,0,0,0,0,0,0,16,1,0,TRUE
C:\ghidra-master\GPL\DMG\src\dmg\java\mobiledevices\dmg\ghidra\GDataConverter.java,mobiledevices.dmg.ghidra.GDataConverter,"putLong/2[byte[],long]",FALSE,203,1,0,0,0,1,0,1,0,0,2,0,0,0,0,0,0,0,0,0,0,0,0,0,0,0,12,1,0,TRUE
C:\ghidra-master\GPL\DMG\src\dmg\java\mobiledevices\dmg\ghidra\GDataConverter.java,mobiledevices.dmg.ghidra.GDataConverter,"putInt/2[byte[],int]",FALSE,188,1,0,0,0,1,0,1,0,0,2,0,0,0,0,0,0,0,0,0,0,0,0,0,0,0,12,1,0,TRUE
C:\ghidra-master\GPL\DMG\src\dmg\java\mobiledevices\dmg\ghidra\GDataConverter.java,mobiledevices.dmg.ghidra.GDataConverter,"getBytes/3[short,byte[],int]",FALSE,96,1,0,0,0,1,0,1,0,0,3,0,0,0,0,0,0,0,0,0,0,0,0,0,0,0,20,1,0,TRUE
C:\ghidra-master\GPL\DMG\src\dmg\java\mobiledevices\dmg\ghidra\GDataConverter.java,mobiledevices.dmg.ghidra.GDataConverter,"getBytes/3[int,byte[],int]",FALSE,114,1,0,0,0,1,0,1,0,0,3,0,0,0,0,0,0,0,0,0,0,0,0,0,0,0,20,1,0,TRUE
C:\ghidra-master\GPL\DMG\src\dmg\java\mobiledevices\dmg\ghidra\GDataConverter.java,mobiledevices.dmg.ghidra.GDataConverter,getInt/1[byte[]],FALSE,34,1,2,2,0,1,0,1,0,0,1,0,0,0,0,0,0,0,0,0,0,0,0,0,0,0,19,1,0,TRUE
C:\ghidra-master\GPL\DMG\src\dmg\java\mobiledevices\dmg\ghidra\GDataConverter.java,mobiledevices.dmg.ghidra.GDataConverter,getLong/1[byte[]],FALSE,51,1,1,1,0,1,0,1,0,0,1,0,0,0,0,0,0,0,0,0,0,0,0,0,0,0,19,1,0,TRUE
C:\ghidra-master\GPL\DMG\src\dmg\java\mobiledevices\dmg\ghidra\GDataConverter.java,mobiledevices.dmg.ghidra.GDataConverter,"getBytes/2[short,byte[]]",FALSE,87,1,0,0,0,1,0,1,0,0,2,0,0,0,0,0,0,0,0,0,0,0,0,0,0,0,20,1,0,TRUE
C:\ghidra-master\GPL\DMG\src\dmg\java\mobiledevices\dmg\ghidra\GDataConverter.java,mobiledevices.dmg.ghidra.GDataConverter,"getShort/2[byte[],int]",FALSE,25,1,0,0,0,1,0,1,0,0,2,0,0,0,0,0,0,0,0,0,0,0,0,0,0,0,22,1,0,TRUE
C:\ghidra-master\GPL\DMG\src\dmg\java\mobiledevices\dmg\ghidra\GDataConverter.java,mobiledevices.dmg.ghidra.GDataConverter,"getLong/2[byte[],int]",FALSE,59,1,0,0,0,1,0,1,0,0,2,0,0,0,0,0,0,0,0,0,0,0,0,0,0,0,22,1,0,TRUE
C:\ghidra-master\GPL\DMG\src\dmg\java\mobiledevices\dmg\ghidra\GDataConverter.java,mobiledevices.dmg.ghidra.GDataConverter,"getValue/3[byte[],int,int]",FALSE,77,1,0,0,0,1,0,1,0,0,3,0,0,0,0,0,0,0,0,0,0,0,0,0,0,0,32,1,0,TRUE
C:\ghidra-master\GPL\DMG\src\dmg\java\mobiledevices\dmg\reader\DmgInfoGenerator.java,mobiledevices.dmg.reader.DmgInfoGenerator,"appendDateInformation/2[mobiledevices.dmg.reader.FSAttributes,java.util.List<java.lang.String>]",FALSE,166,1,1,1,0,6,12,17,0,0,2,12,0,0,0,0,0,0,5,0,0,5,1,0,0,0,8,2,0,FALSE
C:\ghidra-master\GPL\DMG\src\dmg\java\mobiledevices\dmg\reader\DmgInfoGenerator.java,mobiledevices.dmg.reader.DmgInfoGenerator,"calculateFolderSize/2[mobiledevices.dmg.reader.FSFolder,mobiledevices.dmg.reader.ObjectContainer<java.lang.Long>]",FALSE,203,6,3,2,1,5,6,17,0,1,2,6,1,0,1,0,0,1,2,0,3,1,2,0,0,0,14,2,0,FALSE
C:\ghidra-master\GPL\DMG\src\dmg\java\mobiledevices\dmg\reader\DmgInfoGenerator.java,mobiledevices.dmg.reader.DmgInfoGenerator,"appendPosixInformation/2[mobiledevices.dmg.reader.FSAttributes,java.util.List<java.lang.String>]",FALSE,138,2,1,1,0,2,6,8,0,1,2,6,0,0,0,0,0,0,3,0,1,3,1,0,0,0,15,2,0,FALSE
C:\ghidra-master\GPL\DMG\src\dmg\java\mobiledevices\dmg\reader\DmgInfoGenerator.java,mobiledevices.dmg.reader.DmgInfoGenerator,getInformation/0,FALSE,41,10,10,1,9,13,20,69,2,11,0,20,6,2,2,4,1,0,34,0,11,21,4,0,0,0,47,0,0,FALSE
C:\ghidra-master\GPL\DMG\src\dmg\java\mobiledevices\dmg\reader\DmgInfoGenerator.java,mobiledevices.dmg.reader.DmgInfoGenerator,"DmgInfoGenerator/3[mobiledevices.dmg.reader.DmgFileReader,java.lang.String,mobiledevices.dmg.hfsplus.AttributesFileParser]",TRUE,34,2,2,1,1,1,1,6,0,0,3,1,0,0,0,0,0,0,0,0,4,0,0,0,0,0,9,0,0,FALSE
C:\ghidra-master\GPL\DMG\src\dmg\java\mobiledevices\dmg\reader\DmgInfoGenerator.java,mobiledevices.dmg.reader.DmgInfoGenerator,"appendWindowsInformation/2[mobiledevices.dmg.reader.FSAttributes,java.util.List<java.lang.String>]",FALSE,147,2,1,1,0,2,16,18,0,1,2,16,0,0,0,0,0,0,13,0,1,13,1,0,0,0,10,2,0,FALSE
C:\ghidra-master\GPL\DMG\src\dmg\java\mobiledevices\dmg\reader\DmgInfoGenerator.java,mobiledevices.dmg.reader.DmgInfoGenerator,"appendFileID/2[java.util.List<java.lang.String>,mobiledevices.dmg.reader.FSFile]",FALSE,123,5,1,1,0,2,7,13,0,5,2,7,0,0,0,0,1,0,2,0,5,2,1,0,0,0,19,2,0,FALSE
C:\ghidra-master\GPL\DMG\src\dmg\java\mobiledevices\dmg\reader\DmgInfoGenerator.java,mobiledevices.dmg.reader.DmgInfoGenerator,getSizeString/1[long],FALSE,184,0,2,2,0,1,1,4,1,1,1,1,0,0,0,0,0,0,1,0,1,1,0,0,0,0,5,2,0,FALSE
C:\ghidra-master\GPL\DMG\src\dmg\java\mobiledevices\dmg\reader\DmgInfoGenerator.java,mobiledevices.dmg.reader.DmgInfoGenerator,startFolderSizeCalculation/1[mobiledevices.dmg.reader.FSFolder],FALSE,189,3,3,1,2,2,3,13,1,2,1,3,2,1,0,0,1,0,1,1,3,0,1,0,0,0,17,2,0,FALSE
C:\ghidra-master\GPL\DMG\src\dmg\java\mobiledevices\dmg\ghidra\GFileUtilityMethods.java,mobiledevices.dmg.ghidra.GFileUtilityMethods,"writeTemporaryFile/2[java.io.InputStream,int]",FALSE,18,1,2,2,0,4,5,24,1,5,2,5,0,0,1,1,1,0,0,4,6,0,3,0,0,0,20,25,0,FALSE
C:\ghidra-master\GPL\DMG\src\dmg\java\mobiledevices\dmg\ghidra\GFileUtilityMethods.java,mobiledevices.dmg.ghidra.GFileUtilityMethods,writeTemporaryFile/1[java.io.InputStream],FALSE,14,1,3,2,1,1,1,3,1,0,1,1,1,1,0,0,0,0,0,0,0,0,0,0,0,0,9,25,0,FALSE
C:\ghidra-master\GPL\DMG\src\dmg\java\mobiledevices\dmg\ghidra\GFileUtilityMethods.java,mobiledevices.dmg.ghidra.GFileUtilityMethods,"writeTemporaryFile/2[byte[],java.lang.String]",FALSE,43,1,1,1,0,4,5,20,1,3,2,5,0,0,1,1,1,0,0,2,5,1,2,0,0,0,29,25,0,FALSE
C:\ghidra-master\GPL\DMG\src\dmg\java\mobiledevices\dmg\btree\BTreeUserDataRecord.java,mobiledevices.dmg.btree.BTreeUserDataRecord,getUnused/0,FALSE,23,1,0,0,0,1,0,3,1,0,0,0,0,0,0,0,0,0,0,0,0,0,0,0,0,0,3,1,0,FALSE
C:\ghidra-master\GPL\DMG\src\dmg\java\mobiledevices\dmg\btree\BTreeUserDataRecord.java,mobiledevices.dmg.btree.BTreeUserDataRecord,BTreeUserDataRecord/1[mobiledevices.dmg.ghidra.GBinaryReader],TRUE,19,1,2,1,1,1,1,3,0,0,1,1,0,0,0,0,0,0,0,1,1,0,0,0,0,0,12,0,0,FALSE
C:\ghidra-master\GPL\DMG\src\dmg\java\mobiledevices\dmg\hfsplus\AttributesFileParser.java,mobiledevices.dmg.hfsplus.AttributesFileParser,"AttributesFileParser/2[mobiledevices.dmg.hfsplus.HFSXFileSystemHandler,java.lang.String]",TRUE,34,8,5,1,4,2,5,12,1,5,2,5,1,1,0,1,0,0,2,1,7,1,1,0,0,0,37,1,0,FALSE
C:\ghidra-master\GPL\DMG\src\dmg\java\mobiledevices\dmg\hfsplus\AttributesFileParser.java,mobiledevices.dmg.hfsplus.AttributesFileParser,"writeVolumeHeaderFile/3[mobiledevices.dmg.hfsplus.ImplHFSXFileSystemView,mobiledevices.dmg.hfsplus.HFSPlusForkData,java.lang.String]",FALSE,75,4,1,1,0,2,6,18,2,3,3,6,0,0,0,1,1,0,3,0,3,1,1,1,0,0,28,2,0,FALSE
C:\ghidra-master\GPL\DMG\src\dmg\java\mobiledevices\dmg\hfsplus\AttributesFileParser.java,mobiledevices.dmg.hfsplus.AttributesFileParser,getDecmpfsHeader/1[mobiledevices.dmg.hfsplus.FSFile],FALSE,94,6,8,3,5,8,7,24,5,2,1,7,1,1,2,5,0,0,0,1,2,0,4,0,0,0,21,1,0,FALSE
C:\ghidra-master\GPL\DMG\src\dmg\java\mobiledevices\dmg\hfsplus\AttributesFileParser.java,mobiledevices.dmg.hfsplus.AttributesFileParser,dispose/0,FALSE,54,1,2,1,1,1,2,4,0,0,0,2,0,0,0,0,0,0,0,0,0,0,0,0,0,0,4,1,0,FALSE
C:\ghidra-master\GPL\DMG\src\dmg\java\mobiledevices\dmg\hfsplus\AttributesFileParser.java,mobiledevices.dmg.hfsplus.AttributesFileParser,getFileID/1[mobiledevices.dmg.hfsplus.FSFile],FALSE,59,5,1,1,0,2,4,13,2,5,1,4,0,0,0,0,1,0,0,1,5,0,1,0,0,0,17,2,0,FALSE
C:\ghidra-master\GPL\DMG\src\dmg\java\mobiledevices\dmg\ghidra\GBinaryReader.java,mobiledevices.dmg.ghidra.GBinaryReader,readAsciiString/1[long],FALSE,468,1,3,2,1,4,4,13,1,2,1,4,0,0,1,0,0,2,0,2,2,0,2,0,0,0,31,1,0,TRUE
C:\ghidra-master\GPL\DMG\src\dmg\java\mobiledevices\dmg\ghidra\GBinaryReader.java,mobiledevices.dmg.ghidra.GBinaryReader,readUnicodeString/1[long],FALSE,508,2,3,1,2,3,5,15,1,3,1,5,1,1,1,1,0,4,0,7,6,1,2,0,0,0,35,1,0,TRUE
C:\ghidra-master\GPL\DMG\src\dmg\java\mobiledevices\dmg\ghidra\GBinaryReader.java,mobiledevices.dmg.ghidra.GBinaryReader,peekNextInt/0,FALSE,192,1,1,0,1,1,1,3,1,0,0,1,1,1,0,0,0,0,0,0,0,0,0,0,0,0,19,1,0,TRUE
C:\ghidra-master\GPL\DMG\src\dmg\java\mobiledevices\dmg\ghidra\GBinaryReader.java,mobiledevices.dmg.ghidra.GBinaryReader,readNextUnicodeString/1[int],FALSE,347,1,1,0,1,1,1,5,1,1,1,1,1,1,0,0,0,1,0,1,2,1,0,0,0,0,25,1,0,TRUE
C:\ghidra-master\GPL\DMG\src\dmg\java\mobiledevices\dmg\ghidra\GBinaryReader.java,mobiledevices.dmg.ghidra.GBinaryReader,getPointerIndex/0,FALSE,162,0,2,2,0,1,0,3,1,0,0,0,0,0,0,0,0,0,0,0,0,0,0,0,0,0,8,1,0,TRUE
C:\ghidra-master\GPL\DMG\src\dmg\java\mobiledevices\dmg\ghidra\GBinaryReader.java,mobiledevices.dmg.ghidra.GBinaryReader,readNextByte/0,FALSE,212,1,4,3,1,1,1,5,1,1,0,1,1,1,0,0,0,0,0,0,2,0,0,0,0,0,29,1,0,TRUE
C:\ghidra-master\GPL\DMG\src\dmg\java\mobiledevices\dmg\ghidra\GBinaryReader.java,mobiledevices.dmg.ghidra.GBinaryReader,"readIntArray/5[long,int,int,int,java.lang.Integer[]]",FALSE,726,2,3,1,2,2,2,7,1,2,5,2,2,2,1,0,0,0,0,1,3,0,1,0,0,0,31,1,0,TRUE
C:\ghidra-master\GPL\DMG\src\dmg\java\mobiledevices\dmg\ghidra\GBinaryReader.java,mobiledevices.dmg.ghidra.GBinaryReader,setPointerIndex/1[long],FALSE,154,0,1,1,0,1,0,3,0,0,1,0,0,0,0,0,0,0,0,0,1,0,0,0,0,0,20,1,0,TRUE
C:\ghidra-master\GPL\DMG\src\dmg\java\mobiledevices\dmg\ghidra\GBinaryReader.java,mobiledevices.dmg.ghidra.GBinaryReader,"readUnicodeString/2[long,int]",FALSE,533,1,2,1,1,2,4,10,1,3,2,4,0,0,1,0,0,4,0,7,6,2,1,0,0,0,34,1,0,TRUE
C:\ghidra-master\GPL\DMG\src\dmg\java\mobiledevices\dmg\ghidra\GBinaryReader.java,mobiledevices.dmg.ghidra.GBinaryReader,readNextInt/0,FALSE,260,1,5,4,1,1,1,5,1,1,0,1,1,1,0,0,0,0,0,0,2,0,0,0,0,0,29,1,0,TRUE
C:\ghidra-master\GPL\DMG\src\dmg\java\mobiledevices\dmg\ghidra\GBinaryReader.java,mobiledevices.dmg.ghidra.GBinaryReader,setPointerIndex/1[int],FALSE,143,0,1,1,0,1,0,3,0,0,1,0,0,0,0,0,0,0,0,0,1,0,0,0,0,0,11,1,0,TRUE
C:\ghidra-master\GPL\DMG\src\dmg\java\mobiledevices\dmg\ghidra\GBinaryReader.java,mobiledevices.dmg.ghidra.GBinaryReader,"readNextLongArray/4[int,long,long,java.lang.Long[]]",FALSE,451,2,1,0,1,1,1,5,1,1,4,1,1,3,0,0,0,1,0,0,2,1,0,0,0,0,37,1,0,TRUE
C:\ghidra-master\GPL\DMG\src\dmg\java\mobiledevices\dmg\ghidra\GBinaryReader.java,mobiledevices.dmg.ghidra.GBinaryReader,isLittleEndian/0,FALSE,73,2,2,2,0,1,0,3,1,0,0,0,0,0,0,0,0,0,0,0,0,0,0,0,0,0,21,1,0,TRUE
C:\ghidra-master\GPL\DMG\src\dmg\java\mobiledevices\dmg\ghidra\GBinaryReader.java,mobiledevices.dmg.ghidra.GBinaryReader,peekNextShort/0,FALSE,182,1,1,0,1,1,1,3,1,0,0,1,1,1,0,0,0,0,0,0,0,0,0,0,0,0,18,1,0,TRUE
C:\ghidra-master\GPL\DMG\src\dmg\java\mobiledevices\dmg\ghidra\GBinaryReader.java,mobiledevices.dmg.ghidra.GBinaryReader,"writeLong/2[long,long]",FALSE,829,3,2,0,2,1,2,4,0,1,2,2,0,0,0,0,0,0,0,0,1,0,0,0,0,0,20,1,0,TRUE
C:\ghidra-master\GPL\DMG\src\dmg\java\mobiledevices\dmg\ghidra\GBinaryReader.java,mobiledevices.dmg.ghidra.GBinaryReader,"GBinaryReader/2[mobiledevices.dmg.ghidra.GByteProvider,boolean]",TRUE,51,2,3,2,1,1,1,4,0,0,2,1,1,1,0,0,0,0,0,0,1,0,0,0,0,0,33,1,0,TRUE
C:\ghidra-master\GPL\DMG\src\dmg\java\mobiledevices\dmg\ghidra\GBinaryReader.java,mobiledevices.dmg.ghidra.GBinaryReader,setLittleEndian/1[boolean],FALSE,81,2,4,2,2,2,0,8,0,0,1,0,0,0,0,0,0,0,0,0,2,0,1,0,0,0,21,1,0,TRUE
C:\ghidra-master\GPL\DMG\src\dmg\java\mobiledevices\dmg\ghidra\GBinaryReader.java,mobiledevices.dmg.ghidra.GBinaryReader,align/1[int],FALSE,128,0,0,0,0,2,0,8,2,1,1,0,0,0,0,1,0,2,0,2,2,4,1,0,0,0,22,1,0,TRUE
C:\ghidra-master\GPL\DMG\src\dmg\java\mobiledevices\dmg\ghidra\GBinaryReader.java,mobiledevices.dmg.ghidra.GBinaryReader,"readByteArray/2[long,int]",FALSE,639,2,3,2,1,2,1,6,1,0,2,1,0,0,0,0,0,0,1,1,0,1,1,0,0,0,27,1,0,TRUE
C:\ghidra-master\GPL\DMG\src\dmg\java\mobiledevices\dmg\ghidra\GBinaryReader.java,mobiledevices.dmg.ghidra.GBinaryReader,"readNextShort/3[short,short,java.lang.Short[]]",FALSE,248,1,1,0,1,1,1,5,1,1,3,1,1,2,0,0,0,0,0,0,2,0,0,0,0,0,30,1,0,TRUE
C:\ghidra-master\GPL\DMG\src\dmg\java\mobiledevices\dmg\ghidra\GBinaryReader.java,mobiledevices.dmg.ghidra.GBinaryReader,"writeByte/2[long,byte]",FALSE,797,1,1,0,1,1,1,3,0,0,2,1,0,0,0,0,0,0,0,0,0,0,0,0,0,0,19,1,0,TRUE
C:\ghidra-master\GPL\DMG\src\dmg\java\mobiledevices\dmg\ghidra\GBinaryReader.java,mobiledevices.dmg.ghidra.GBinaryReader,readNextIntArray/1[int],FALSE,412,2,2,1,1,1,1,5,1,1,1,1,1,2,0,0,0,1,0,0,2,1,0,0,0,0,35,1,0,TRUE
C:\ghidra-master\GPL\DMG\src\dmg\java\mobiledevices\dmg\ghidra\GBinaryReader.java,mobiledevices.dmg.ghidra.GBinaryReader,readNextShortArray/1[int],FALSE,386,2,1,0,1,1,1,5,1,1,1,1,1,2,0,0,0,1,0,0,2,1,0,0,0,0,36,1,0,TRUE
C:\ghidra-master\GPL\DMG\src\dmg\java\mobiledevices\dmg\ghidra\GBinaryReader.java,mobiledevices.dmg.ghidra.GBinaryReader,"clampLong/4[long,long,long,java.lang.Long[]]",FALSE,929,0,2,2,0,10,0,29,1,2,4,0,0,0,1,4,0,0,2,5,7,2,3,0,0,0,20,4,0,FALSE
C:\ghidra-master\GPL\DMG\src\dmg\java\mobiledevices\dmg\ghidra\GBinaryReader.java,mobiledevices.dmg.ghidra.GBinaryReader,"readNextIntArray/4[int,int,int,java.lang.Integer[]]",FALSE,425,2,1,0,1,1,1,5,1,1,4,1,1,3,0,0,0,1,0,0,2,1,0,0,0,0,36,1,0,TRUE
C:\ghidra-master\GPL\DMG\src\dmg\java\mobiledevices\dmg\ghidra\GBinaryReader.java,mobiledevices.dmg.ghidra.GBinaryReader,"readShort/4[long,short,short,java.lang.Short[]]",FALSE,582,1,3,1,2,1,2,4,1,1,4,2,2,1,0,0,0,0,0,0,1,0,0,0,0,0,22,1,0,TRUE
C:\ghidra-master\GPL\DMG\src\dmg\java\mobiledevices\dmg\ghidra\GBinaryReader.java,mobiledevices.dmg.ghidra.GBinaryReader,readNextLong/0,FALSE,284,1,2,1,1,1,1,5,1,1,0,1,1,1,0,0,0,0,0,0,2,0,0,0,0,0,29,1,0,TRUE
C:\ghidra-master\GPL\DMG\src\dmg\java\mobiledevices\dmg\ghidra\GBinaryReader.java,mobiledevices.dmg.ghidra.GBinaryReader,readNextLongArray/1[int],FALSE,438,2,1,0,1,1,1,5,1,1,1,1,1,2,0,0,0,1,0,0,2,1,0,0,0,0,36,1,0,TRUE
C:\ghidra-master\GPL\DMG\src\dmg\java\mobiledevices\dmg\ghidra\GBinaryReader.java,mobiledevices.dmg.ghidra.GBinaryReader,isValidIndex/1[int],FALSE,106,1,1,0,1,1,1,3,1,0,1,1,0,0,0,0,0,0,0,0,0,0,0,0,0,0,20,1,0,TRUE
C:\ghidra-master\GPL\DMG\src\dmg\java\mobiledevices\dmg\ghidra\GBinaryReader.java,mobiledevices.dmg.ghidra.GBinaryReader,"readNextShortArray/4[int,short,short,java.lang.Short[]]",FALSE,399,2,1,0,1,1,1,5,1,1,4,1,1,3,0,0,0,1,0,0,2,1,0,0,0,0,37,1,0,TRUE
C:\ghidra-master\GPL\DMG\src\dmg\java\mobiledevices\dmg\ghidra\GBinaryReader.java,mobiledevices.dmg.ghidra.GBinaryReader,isValidIndex/1[long],FALSE,117,1,1,0,1,1,1,3,1,0,1,1,0,0,0,0,0,0,0,0,0,0,0,0,0,0,20,1,0,TRUE
C:\ghidra-master\GPL\DMG\src\dmg\java\mobiledevices\dmg\ghidra\GBinaryReader.java,mobiledevices.dmg.ghidra.GBinaryReader,readShort/1[long],FALSE,571,3,7,5,2,1,2,4,1,1,1,2,0,0,0,0,0,0,0,0,1,0,0,0,0,0,20,1,0,TRUE
C:\ghidra-master\GPL\DMG\src\dmg\java\mobiledevices\dmg\ghidra\GBinaryReader.java,mobiledevices.dmg.ghidra.GBinaryReader,"writeShort/2[long,short]",FALSE,807,3,2,0,2,1,2,4,0,1,2,2,0,0,0,0,0,0,0,0,1,0,0,0,0,0,20,1,0,TRUE
C:\ghidra-master\GPL\DMG\src\dmg\java\mobiledevices\dmg\ghidra\GBinaryReader.java,mobiledevices.dmg.ghidra.GBinaryReader,clone/1[int],FALSE,61,1,2,0,2,1,1,6,1,1,1,1,1,1,0,0,0,0,0,0,3,0,0,0,0,0,15,1,0,TRUE
C:\ghidra-master\GPL\DMG\src\dmg\java\mobiledevices\dmg\ghidra\GBinaryReader.java,mobiledevices.dmg.ghidra.GBinaryReader,peekNextLong/0,FALSE,202,1,1,0,1,1,1,3,1,0,0,1,1,1,0,0,0,0,0,0,0,0,0,0,0,0,18,1,0,TRUE
C:\ghidra-master\GPL\DMG\src\dmg\java\mobiledevices\dmg\ghidra\GBinaryReader.java,mobiledevices.dmg.ghidra.GBinaryReader,"clampInt/4[int,int,int,java.lang.Integer[]]",FALSE,900,0,2,2,0,10,0,29,1,2,4,0,0,0,1,4,0,0,2,5,7,2,3,0,0,0,20,4,0,FALSE
C:\ghidra-master\GPL\DMG\src\dmg\java\mobiledevices\dmg\ghidra\GBinaryReader.java,mobiledevices.dmg.ghidra.GBinaryReader,"readNextLong/3[long,long,java.lang.Long[]]",FALSE,296,1,1,0,1,1,1,5,1,1,3,1,1,2,0,0,0,0,0,0,2,0,0,0,0,0,30,1,0,TRUE
C:\ghidra-master\GPL\DMG\src\dmg\java\mobiledevices\dmg\ghidra\GBinaryReader.java,mobiledevices.dmg.ghidra.GBinaryReader,"readLongArray/5[long,int,long,long,java.lang.Long[]]",FALSE,762,2,3,1,2,2,2,7,1,2,5,2,2,2,1,0,0,0,0,1,3,0,1,0,0,0,29,1,0,TRUE
C:\ghidra-master\GPL\DMG\src\dmg\java\mobiledevices\dmg\ghidra\GBinaryReader.java,mobiledevices.dmg.ghidra.GBinaryReader,"readAsciiString/2[long,int]",FALSE,491,1,2,1,1,2,4,8,1,3,2,4,0,0,1,0,0,1,0,2,3,0,1,0,0,0,34,1,0,TRUE
C:\ghidra-master\GPL\DMG\src\dmg\java\mobiledevices\dmg\ghidra\GBinaryReader.java,mobiledevices.dmg.ghidra.GBinaryReader,readLong/1[long],FALSE,615,3,6,4,2,1,2,4,1,1,1,2,0,0,0,0,0,0,0,0,1,0,0,0,0,0,19,1,0,TRUE
C:\ghidra-master\GPL\DMG\src\dmg\java\mobiledevices\dmg\ghidra\GBinaryReader.java,mobiledevices.dmg.ghidra.GBinaryReader,length/0,FALSE,95,1,3,2,1,1,1,3,1,0,0,1,0,0,0,0,0,0,0,0,0,0,0,0,0,0,13,1,0,TRUE
C:\ghidra-master\GPL\DMG\src\dmg\java\mobiledevices\dmg\ghidra\GBinaryReader.java,mobiledevices.dmg.ghidra.GBinaryReader,readNextAsciiString/0,FALSE,309,1,1,0,1,1,2,5,1,1,0,2,1,1,0,0,0,1,0,1,2,1,0,0,0,0,33,1,0,TRUE
C:\ghidra-master\GPL\DMG\src\dmg\java\mobiledevices\dmg\ghidra\GBinaryReader.java,mobiledevices.dmg.ghidra.GBinaryReader,"readAsciiStringArray/2[long,int]",FALSE,778,1,1,0,1,4,2,12,1,3,2,2,1,1,1,1,0,1,1,3,5,1,1,0,0,0,30,1,0,TRUE
C:\ghidra-master\GPL\DMG\src\dmg\java\mobiledevices\dmg\ghidra\GBinaryReader.java,mobiledevices.dmg.ghidra.GBinaryReader,readNextByteArray/1[int],FALSE,360,2,4,3,1,1,1,5,1,1,1,1,1,1,0,0,0,1,0,0,2,1,0,0,0,0,36,1,0,TRUE
C:\ghidra-master\GPL\DMG\src\dmg\java\mobiledevices\dmg\ghidra\GBinaryReader.java,mobiledevices.dmg.ghidra.GBinaryReader,"readNextByteArray/4[int,byte,byte,java.lang.Byte[]]",FALSE,373,2,1,0,1,1,1,5,1,1,4,1,1,2,0,0,0,1,0,0,2,1,0,0,0,0,37,1,0,TRUE
C:\ghidra-master\GPL\DMG\src\dmg\java\mobiledevices\dmg\ghidra\GBinaryReader.java,mobiledevices.dmg.ghidra.GBinaryReader,peekNextByte/0,FALSE,172,1,1,0,1,1,1,3,1,0,0,1,1,1,0,0,0,0,0,0,0,0,0,0,0,0,18,1,0,TRUE
C:\ghidra-master\GPL\DMG\src\dmg\java\mobiledevices\dmg\ghidra\GBinaryReader.java,mobiledevices.dmg.ghidra.GBinaryReader,"readNextByte/3[byte,byte,java.lang.Byte[]]",FALSE,224,1,1,0,1,1,1,5,1,1,3,1,1,2,0,0,0,0,0,0,2,0,0,0,0,0,30,1,0,TRUE
C:\ghidra-master\GPL\DMG\src\dmg\java\mobiledevices\dmg\ghidra\GBinaryReader.java,mobiledevices.dmg.ghidra.GBinaryReader,readByte/1[long],FALSE,550,1,4,3,1,1,1,3,1,0,1,1,0,0,0,0,0,0,0,0,0,0,0,0,0,0,18,1,0,TRUE
C:\ghidra-master\GPL\DMG\src\dmg\java\mobiledevices\dmg\ghidra\GBinaryReader.java,mobiledevices.dmg.ghidra.GBinaryReader,readNextShort/0,FALSE,236,1,4,3,1,1,1,5,1,1,0,1,1,1,0,0,0,0,0,0,2,0,0,0,0,0,29,1,0,TRUE
C:\ghidra-master\GPL\DMG\src\dmg\java\mobiledevices\dmg\ghidra\GBinaryReader.java,mobiledevices.dmg.ghidra.GBinaryReader,"writeInt/2[long,int]",FALSE,818,3,2,0,2,1,2,4,0,1,2,2,0,0,0,0,0,0,0,0,1,0,0,0,0,0,20,1,0,TRUE
C:\ghidra-master\GPL\DMG\src\dmg\java\mobiledevices\dmg\ghidra\GBinaryReader.java,mobiledevices.dmg.ghidra.GBinaryReader,readNextAsciiString/1[int],FALSE,322,1,1,0,1,1,1,5,1,1,1,1,1,1,0,0,0,0,0,0,2,0,0,0,0,0,25,1,0,TRUE
C:\ghidra-master\GPL\DMG\src\dmg\java\mobiledevices\dmg\ghidra\GBinaryReader.java,mobiledevices.dmg.ghidra.GBinaryReader,readNextUnicodeString/0,FALSE,335,1,1,0,1,1,2,5,1,1,0,2,1,2,0,0,0,2,0,2,2,2,0,0,0,0,34,1,0,TRUE
C:\ghidra-master\GPL\DMG\src\dmg\java\mobiledevices\dmg\ghidra\GBinaryReader.java,mobiledevices.dmg.ghidra.GBinaryReader,"readShortArray/2[long,int]",FALSE,670,2,3,2,1,3,1,11,1,2,2,1,1,1,1,0,0,0,1,2,4,1,1,0,0,0,33,1,0,TRUE
C:\ghidra-master\GPL\DMG\src\dmg\java\mobiledevices\dmg\ghidra\GBinaryReader.java,mobiledevices.dmg.ghidra.GBinaryReader,"readInt/4[long,int,int,java.lang.Integer[]]",FALSE,604,1,3,1,2,1,2,4,1,1,4,2,2,1,0,0,0,0,0,0,1,0,0,0,0,0,23,1,0,TRUE
C:\ghidra-master\GPL\DMG\src\dmg\java\mobiledevices\dmg\ghidra\GBinaryReader.java,mobiledevices.dmg.ghidra.GBinaryReader,"readByte/4[long,byte,byte,java.lang.Byte[]]",FALSE,560,1,3,1,2,1,2,4,1,1,4,2,2,1,0,0,0,0,0,0,1,0,0,0,0,0,22,1,0,TRUE
C:\ghidra-master\GPL\DMG\src\dmg\java\mobiledevices\dmg\ghidra\GBinaryReader.java,mobiledevices.dmg.ghidra.GBinaryReader,"clampByte/4[byte,byte,byte,java.lang.Byte[]]",FALSE,842,0,2,2,0,10,0,29,1,2,4,0,0,0,1,4,0,0,2,5,7,2,3,0,0,0,20,4,0,FALSE
C:\ghidra-master\GPL\DMG\src\dmg\java\mobiledevices\dmg\ghidra\GBinaryReader.java,mobiledevices.dmg.ghidra.GBinaryReader,"readNextInt/3[int,int,java.lang.Integer[]]",FALSE,272,1,1,0,1,1,1,5,1,1,3,1,1,2,0,0,0,0,0,0,2,0,0,0,0,0,30,1,0,TRUE
C:\ghidra-master\GPL\DMG\src\dmg\java\mobiledevices\dmg\ghidra\GBinaryReader.java,mobiledevices.dmg.ghidra.GBinaryReader,"readByteArray/5[long,int,byte,byte,java.lang.Byte[]]",FALSE,654,2,3,1,2,2,2,7,1,2,5,2,2,1,1,0,0,0,0,1,3,0,1,0,0,0,30,1,0,TRUE
C:\ghidra-master\GPL\DMG\src\dmg\java\mobiledevices\dmg\ghidra\GBinaryReader.java,mobiledevices.dmg.ghidra.GBinaryReader,getByteProvider/0,FALSE,838,1,0,0,0,1,0,3,1,0,0,0,0,0,0,0,0,0,0,0,0,0,0,0,0,0,8,1,0,TRUE
C:\ghidra-master\GPL\DMG\src\dmg\java\mobiledevices\dmg\ghidra\GBinaryReader.java,mobiledevices.dmg.ghidra.GBinaryReader,"readLongArray/2[long,int]",FALSE,742,2,3,2,1,3,1,11,1,2,2,1,1,1,1,0,0,0,1,2,4,1,1,0,0,0,33,1,0,TRUE
C:\ghidra-master\GPL\DMG\src\dmg\java\mobiledevices\dmg\ghidra\GBinaryReader.java,mobiledevices.dmg.ghidra.GBinaryReader,"readIntArray/2[long,int]",FALSE,706,2,3,2,1,3,1,11,1,2,2,1,1,1,1,0,0,0,1,2,4,1,1,0,0,0,34,1,0,TRUE
C:\ghidra-master\GPL\DMG\src\dmg\java\mobiledevices\dmg\ghidra\GBinaryReader.java,mobiledevices.dmg.ghidra.GBinaryReader,"readLong/4[long,long,long,java.lang.Long[]]",FALSE,626,1,3,1,2,1,2,4,1,1,4,2,2,1,0,0,0,0,0,0,1,0,0,0,0,0,21,1,0,TRUE
C:\ghidra-master\GPL\DMG\src\dmg\java\mobiledevices\dmg\ghidra\GBinaryReader.java,mobiledevices.dmg.ghidra.GBinaryReader,"readShortArray/5[long,int,short,short,java.lang.Short[]]",FALSE,690,2,3,1,2,2,2,7,1,2,5,2,2,2,1,0,0,0,0,1,3,0,1,0,0,0,30,1,0,TRUE
C:\ghidra-master\GPL\DMG\src\dmg\java\mobiledevices\dmg\ghidra\GBinaryReader.java,mobiledevices.dmg.ghidra.GBinaryReader,"clampShort/4[short,short,short,java.lang.Short[]]",FALSE,871,0,2,2,0,10,0,29,1,2,4,0,0,0,1,4,0,0,2,5,7,2,3,0,0,0,20,4,0,FALSE
C:\ghidra-master\GPL\DMG\src\dmg\java\mobiledevices\dmg\ghidra\GBinaryReader.java,mobiledevices.dmg.ghidra.GBinaryReader,readInt/1[long],FALSE,593,3,6,4,2,1,2,4,1,1,1,2,0,0,0,0,0,0,0,0,1,0,0,0,0,0,21,1,0,TRUE
C:\ghidra-master\GPL\DMG\src\dmg\java\mobiledevices\dmg\ghidra\GStringUtilities.java,mobiledevices.dmg.ghidra.GStringUtilities,"convertBytesToString/2[byte[],int]",FALSE,30,1,0,0,0,3,4,11,1,3,2,4,0,0,1,1,0,0,1,4,3,1,2,0,0,0,10,9,0,FALSE
C:\ghidra-master\GPL\DMG\src\dmg\java\mobiledevices\dmg\ghidra\GStringUtilities.java,mobiledevices.dmg.ghidra.GStringUtilities,convertStringToBytes/1[java.lang.String],FALSE,42,1,0,0,0,3,3,13,2,3,1,3,0,0,1,0,1,0,0,6,5,3,2,0,0,0,11,9,0,FALSE
C:\ghidra-master\GPL\DMG\src\dmg\java\mobiledevices\dmg\ghidra\GStringUtilities.java,mobiledevices.dmg.ghidra.GStringUtilities,toString/1[int],FALSE,19,1,1,1,0,2,0,10,1,2,1,0,0,0,1,1,0,0,0,4,4,2,1,0,0,0,19,9,0,TRUE
C:\ghidra-master\GPL\DMG\src\dmg\java\mobiledevices\dmg\btree\BTreeNodeRecord.java,mobiledevices.dmg.btree.BTreeNodeRecord,getDecmpfsHeader/0,FALSE,111,1,1,1,0,1,0,3,1,0,0,0,0,0,0,0,0,0,0,0,0,0,0,0,0,0,4,1,0,FALSE
C:\ghidra-master\GPL\DMG\src\dmg\java\mobiledevices\dmg\btree\BTreeNodeRecord.java,mobiledevices.dmg.btree.BTreeNodeRecord,readType/1[mobiledevices.dmg.ghidra.GBinaryReader],FALSE,75,1,2,1,1,2,3,8,1,2,1,3,0,0,1,0,0,0,0,1,2,0,1,0,0,0,15,2,0,FALSE
C:\ghidra-master\GPL\DMG\src\dmg\java\mobiledevices\dmg\btree\BTreeNodeRecord.java,mobiledevices.dmg.btree.BTreeNodeRecord,"BTreeNodeRecord/2[mobiledevices.dmg.ghidra.GBinaryReader,mobiledevices.dmg.btree.BTreeNodeDescriptor]",TRUE,28,4,9,1,8,10,8,42,0,0,2,8,3,1,0,2,0,0,0,0,12,0,2,0,0,0,31,0,0,FALSE
C:\ghidra-master\GPL\DMG\src\dmg\java\mobiledevices\dmg\btree\BTreeNodeRecord.java,mobiledevices.dmg.btree.BTreeNodeRecord,getDescriptor/0,FALSE,90,1,0,0,0,1,0,3,1,0,0,0,0,0,0,0,0,0,0,0,0,0,0,0,0,0,6,1,0,FALSE
C:\ghidra-master\GPL\DMG\src\dmg\java\mobiledevices\dmg\btree\BTreeNodeRecord.java,mobiledevices.dmg.btree.BTreeNodeRecord,getUnknown0/0,FALSE,93,0,0,0,0,1,0,3,1,0,0,0,0,0,0,0,0,0,0,0,0,0,0,0,0,0,3,1,0,FALSE
C:\ghidra-master\GPL\DMG\src\dmg\java\mobiledevices\dmg\btree\BTreeNodeRecord.java,mobiledevices.dmg.btree.BTreeNodeRecord,getUnknown2/0,FALSE,96,0,0,0,0,1,0,3,1,0,0,0,0,0,0,0,0,0,0,0,0,0,0,0,0,0,3,1,0,FALSE
C:\ghidra-master\GPL\DMG\src\dmg\java\mobiledevices\dmg\btree\BTreeNodeRecord.java,mobiledevices.dmg.btree.BTreeNodeRecord,getUnknown3/0,FALSE,99,0,0,0,0,1,0,3,1,0,0,0,0,0,0,0,0,0,0,0,0,0,0,0,0,0,3,1,0,FALSE
C:\ghidra-master\GPL\DMG\src\dmg\java\mobiledevices\dmg\btree\BTreeNodeRecord.java,mobiledevices.dmg.btree.BTreeNodeRecord,getFileID/0,FALSE,108,0,1,1,0,1,0,3,1,0,0,0,0,0,0,0,0,0,0,0,0,0,0,0,0,0,5,1,0,FALSE
C:\ghidra-master\GPL\DMG\src\dmg\java\mobiledevices\dmg\btree\BTreeNodeRecord.java,mobiledevices.dmg.btree.BTreeNodeRecord,getRecordLength/0,FALSE,87,0,1,1,0,1,0,3,1,0,0,0,0,0,0,0,0,0,0,0,0,0,0,0,0,0,4,1,0,FALSE
C:\ghidra-master\GPL\DMG\src\dmg\java\mobiledevices\dmg\btree\BTreeNodeRecord.java,mobiledevices.dmg.btree.BTreeNodeRecord,getType/0,FALSE,84,0,1,1,0,1,0,3,1,0,0,0,0,0,0,0,0,0,0,0,0,0,0,0,0,0,3,1,0,FALSE
C:\ghidra-master\GPL\DMG\src\dmg\java\mobiledevices\dmg\btree\BTreeNodeRecord.java,mobiledevices.dmg.btree.BTreeNodeRecord,getUnknown4/0,FALSE,102,0,0,0,0,1,0,3,1,0,0,0,0,0,0,0,0,0,0,0,0,0,0,0,0,0,3,1,0,FALSE
C:\ghidra-master\GPL\DMG\src\dmg\java\mobiledevices\dmg\btree\BTreeNodeRecord.java,mobiledevices.dmg.btree.BTreeNodeRecord,getUnknown5/0,FALSE,105,0,0,0,0,1,0,3,1,0,0,0,0,0,0,0,0,0,0,0,0,0,0,0,0,0,3,1,0,FALSE
C:\ghidra-master\GPL\DMG\src\dmg\java\mobiledevices\dmg\btree\BTreeNodeRecord.java,mobiledevices.dmg.btree.BTreeNodeRecord,getRecordOffset/0,FALSE,114,0,0,0,0,1,0,3,1,0,0,0,0,0,0,0,0,0,0,0,0,0,0,0,0,0,4,1,0,FALSE
C:\ghidra-master\GPL\DMG\src\dmg\java\mobiledevices\dmg\server\DmgServer.java,mobiledevices.dmg.server.DmgServer,log/1[java.lang.String[]],FALSE,48,0,1,1,0,2,2,6,0,0,1,2,0,0,1,0,0,0,0,0,0,0,1,0,0,0,3,9,0,FALSE
C:\ghidra-master\GPL\DMG\src\dmg\java\mobiledevices\dmg\server\DmgServer.java,mobiledevices.dmg.server.DmgServer,parseLine/1[java.lang.String],FALSE,188,0,1,1,0,1,3,5,1,2,1,3,0,0,0,0,0,0,0,1,2,1,0,0,0,0,5,10,0,FALSE
C:\ghidra-master\GPL\DMG\src\dmg\java\mobiledevices\dmg\server\DmgServer.java,mobiledevices.dmg.server.DmgServer,writeln/1[java.lang.String],FALSE,17,1,1,1,0,5,4,14,0,2,1,4,0,0,1,2,0,0,0,3,2,0,2,0,0,0,8,10,0,FALSE
C:\ghidra-master\GPL\DMG\src\dmg\java\mobiledevices\dmg\server\DmgServer.java,mobiledevices.dmg.server.DmgServer,sendResponse/1[java.lang.String],FALSE,36,0,1,1,0,1,2,4,0,0,1,2,0,0,0,0,0,0,0,0,0,0,0,0,0,0,3,9,0,FALSE
C:\ghidra-master\GPL\DMG\src\dmg\java\mobiledevices\dmg\server\DmgServer.java,mobiledevices.dmg.server.DmgServer,main/1[java.lang.String[]],FALSE,55,6,14,0,14,17,24,87,3,18,1,24,6,1,3,5,3,0,18,3,18,6,8,0,0,0,61,9,0,FALSE
C:\ghidra-master\GPL\DMG\src\dmg\java\mobiledevices\dmg\server\DmgServer.java,mobiledevices.dmg.server.DmgServer,"toFile/2[mobiledevices.dmg.reader.DmgFileReader,java.lang.String]",FALSE,156,4,3,1,2,7,5,26,4,4,2,5,0,0,1,1,0,0,0,2,5,0,3,0,0,0,14,10,0,FALSE
C:\ghidra-master\GPL\DMG\src\dmg\java\mobiledevices\dmg\server\DmgServer.java,mobiledevices.dmg.server.DmgServer,sendResponses/1[java.lang.String[]],FALSE,41,0,1,1,0,2,2,6,0,0,1,2,0,0,1,0,0,0,0,0,0,0,1,0,0,0,5,9,0,FALSE
C:\ghidra-master\GPL\DMG\src\dmg\java\mobiledevices\dmg\ghidra\GByteProvider.java,mobiledevices.dmg.ghidra.GByteProvider,getName/0,FALSE,48,0,0,0,0,1,1,3,1,0,0,1,0,0,0,0,0,0,0,0,0,0,0,0,0,0,2,1,0,TRUE
C:\ghidra-master\GPL\DMG\src\dmg\java\mobiledevices\dmg\ghidra\GByteProvider.java,mobiledevices.dmg.ghidra.GByteProvider,getFile/0,FALSE,41,0,1,1,0,1,0,3,1,0,0,0,0,0,0,0,0,0,0,0,0,0,0,0,0,0,3,1,0,TRUE
C:\ghidra-master\GPL\DMG\src\dmg\java\mobiledevices\dmg\ghidra\GByteProvider.java,mobiledevices.dmg.ghidra.GByteProvider,"readBytes/2[long,long]",FALSE,101,2,6,4,2,2,2,9,1,2,2,2,0,0,0,1,0,0,2,0,2,1,1,0,0,0,11,1,0,TRUE
C:\ghidra-master\GPL\DMG\src\dmg\java\mobiledevices\dmg\ghidra\GByteProvider.java,mobiledevices.dmg.ghidra.GByteProvider,getInputStream/1[long],FALSE,59,0,0,0,0,1,1,5,1,1,1,1,0,0,0,0,0,0,0,0,1,0,0,0,0,0,10,1,0,TRUE
C:\ghidra-master\GPL\DMG\src\dmg\java\mobiledevices\dmg\ghidra\GByteProvider.java,mobiledevices.dmg.ghidra.GByteProvider,close/0,FALSE,70,1,2,1,1,1,1,3,0,0,0,1,0,0,0,0,0,0,0,0,0,0,0,0,0,0,12,1,0,TRUE
C:\ghidra-master\GPL\DMG\src\dmg\java\mobiledevices\dmg\ghidra\GByteProvider.java,mobiledevices.dmg.ghidra.GByteProvider,GByteProvider/1[java.io.File],TRUE,22,1,3,2,1,1,0,4,0,0,1,0,0,0,0,0,0,0,1,0,2,0,0,0,0,0,25,1,0,TRUE
C:\ghidra-master\GPL\DMG\src\dmg\java\mobiledevices\dmg\ghidra\GByteProvider.java,mobiledevices.dmg.ghidra.GByteProvider,"GByteProvider/2[java.io.File,java.lang.String]",TRUE,33,1,1,0,1,1,0,4,0,0,2,0,0,0,0,0,0,0,0,0,2,0,0,0,0,0,30,1,0,TRUE
C:\ghidra-master\GPL\DMG\src\dmg\java\mobiledevices\dmg\ghidra\GByteProvider.java,mobiledevices.dmg.ghidra.GByteProvider,isValidIndex/1[long],FALSE,81,1,3,2,1,4,1,8,2,0,1,1,0,0,0,0,1,0,0,1,0,0,1,0,0,0,9,1,0,FALSE
C:\ghidra-master\GPL\DMG\src\dmg\java\mobiledevices\dmg\ghidra\GByteProvider.java,mobiledevices.dmg.ghidra.GByteProvider,readByte/1[long],FALSE,93,1,7,5,2,1,2,4,1,0,1,2,0,0,0,0,0,0,0,0,0,0,0,0,0,0,6,1,0,TRUE
C:\ghidra-master\GPL\DMG\src\dmg\java\mobiledevices\dmg\ghidra\GByteProvider.java,mobiledevices.dmg.ghidra.GByteProvider,"writeByte/2[long,byte]",FALSE,114,1,3,1,2,1,2,4,0,0,2,2,0,0,0,0,0,0,0,0,0,0,0,0,0,0,7,1,0,TRUE
C:\ghidra-master\GPL\DMG\src\dmg\java\mobiledevices\dmg\ghidra\GByteProvider.java,mobiledevices.dmg.ghidra.GByteProvider,getAbsolutePath/0,FALSE,52,0,0,0,0,1,1,3,1,0,0,1,0,0,0,0,0,0,0,0,0,0,0,0,0,0,3,1,0,FALSE
C:\ghidra-master\GPL\DMG\src\dmg\java\mobiledevices\dmg\ghidra\GByteProvider.java,mobiledevices.dmg.ghidra.GByteProvider,"writeBytes/2[long,byte[]]",FALSE,122,2,5,3,2,1,2,4,0,0,2,2,0,0,0,0,0,0,0,0,0,0,0,0,0,0,7,1,0,TRUE
C:\ghidra-master\GPL\DMG\src\dmg\java\mobiledevices\dmg\ghidra\GByteProvider.java,mobiledevices.dmg.ghidra.GByteProvider,length/0,FALSE,77,1,2,1,1,1,1,3,1,0,0,1,0,0,0,0,0,0,0,0,0,0,0,0,0,0,4,1,0,TRUE
C:\ghidra-master\GPL\DMG\src\dmg\java\mobiledevices\dmg\btree\BTreeMapRecord.java,mobiledevices.dmg.btree.BTreeMapRecord,"BTreeMapRecord/2[mobiledevices.dmg.ghidra.GBinaryReader,mobiledevices.dmg.btree.BTreeHeaderRecord]",TRUE,20,2,3,1,2,1,2,3,0,0,2,2,0,0,0,0,0,0,0,1,1,1,0,0,0,0,11,4,0,FALSE
C:\ghidra-master\GPL\DMG\src\dmg\java\mobiledevices\dmg\btree\BTreeMapRecord.java,mobiledevices.dmg.btree.BTreeMapRecord,isNodeUsed/1[int],FALSE,38,0,0,0,0,2,0,4,1,1,1,0,0,0,0,1,0,3,0,6,1,4,0,0,0,0,14,1,0,TRUE
C:\ghidra-master\GPL\DMG\src\dmg\java\mobiledevices\dmg\btree\BTreeMapRecord.java,mobiledevices.dmg.btree.BTreeMapRecord,getBitmap/0,FALSE,28,1,0,0,0,1,0,3,1,0,0,0,0,0,0,0,0,0,0,0,0,0,0,0,0,0,9,1,0,TRUE
C:\ghidra-master\GPL\DMG\src\dmg\java\mobiledevices\dmg\btree\BTreeHeaderRecord.java,mobiledevices.dmg.btree.BTreeHeaderRecord,getBtreeType/0,FALSE,95,0,0,0,0,1,0,3,1,0,0,0,0,0,0,0,0,0,0,0,0,0,0,0,0,0,4,1,0,FALSE
C:\ghidra-master\GPL\DMG\src\dmg\java\mobiledevices\dmg\btree\BTreeHeaderRecord.java,mobiledevices.dmg.btree.BTreeHeaderRecord,getRootNode/0,FALSE,55,0,0,0,0,1,0,3,1,0,0,0,0,0,0,0,0,0,0,0,0,0,0,0,0,0,4,1,0,FALSE
C:\ghidra-master\GPL\DMG\src\dmg\java\mobiledevices\dmg\btree\BTreeHeaderRecord.java,mobiledevices.dmg.btree.BTreeHeaderRecord,getFreeNodes/0,FALSE,83,0,0,0,0,1,0,3,1,0,0,0,0,0,0,0,0,0,0,0,0,0,0,0,0,0,4,1,0,FALSE
C:\ghidra-master\GPL\DMG\src\dmg\java\mobiledevices\dmg\btree\BTreeHeaderRecord.java,mobiledevices.dmg.btree.BTreeHeaderRecord,getKeyCompareType/0,FALSE,99,0,0,0,0,1,0,3,1,0,0,0,0,0,0,0,0,0,0,0,0,0,0,0,0,0,5,1,0,FALSE
C:\ghidra-master\GPL\DMG\src\dmg\java\mobiledevices\dmg\btree\BTreeHeaderRecord.java,mobiledevices.dmg.btree.BTreeHeaderRecord,getLastLeafNode/0,FALSE,67,0,0,0,0,1,0,3,1,0,0,0,0,0,0,0,0,0,0,0,0,0,0,0,0,0,5,1,0,FALSE
C:\ghidra-master\GPL\DMG\src\dmg\java\mobiledevices\dmg\btree\BTreeHeaderRecord.java,mobiledevices.dmg.btree.BTreeHeaderRecord,getClumpSize/0,FALSE,91,0,0,0,0,1,0,3,1,0,0,0,0,0,0,0,0,0,0,0,0,0,0,0,0,0,4,1,0,FALSE
C:\ghidra-master\GPL\DMG\src\dmg\java\mobiledevices\dmg\btree\BTreeHeaderRecord.java,mobiledevices.dmg.btree.BTreeHeaderRecord,getNodeSize/0,FALSE,71,0,3,3,0,1,0,3,1,0,0,0,0,0,0,0,0,0,0,0,0,0,0,0,0,0,4,1,0,FALSE
C:\ghidra-master\GPL\DMG\src\dmg\java\mobiledevices\dmg\btree\BTreeHeaderRecord.java,mobiledevices.dmg.btree.BTreeHeaderRecord,getReserved/0,FALSE,107,1,0,0,0,1,0,3,1,0,0,0,0,0,0,0,0,0,0,0,0,0,0,0,0,0,3,1,0,FALSE
C:\ghidra-master\GPL\DMG\src\dmg\java\mobiledevices\dmg\btree\BTreeHeaderRecord.java,mobiledevices.dmg.btree.BTreeHeaderRecord,getAttributes/0,FALSE,103,0,0,0,0,1,0,3,1,0,0,0,0,0,0,0,0,0,0,0,0,0,0,0,0,0,3,1,0,FALSE
C:\ghidra-master\GPL\DMG\src\dmg\java\mobiledevices\dmg\btree\BTreeHeaderRecord.java,mobiledevices.dmg.btree.BTreeHeaderRecord,getReserved1/0,FALSE,87,0,0,0,0,1,0,3,1,0,0,0,0,0,0,0,0,0,0,0,0,0,0,0,0,0,3,1,0,FALSE
C:\ghidra-master\GPL\DMG\src\dmg\java\mobiledevices\dmg\btree\BTreeHeaderRecord.java,mobiledevices.dmg.btree.BTreeHeaderRecord,getLeafRecords/0,FALSE,59,0,0,0,0,1,0,3,1,0,0,0,0,0,0,0,0,0,0,0,0,0,0,0,0,0,4,1,0,FALSE
C:\ghidra-master\GPL\DMG\src\dmg\java\mobiledevices\dmg\btree\BTreeHeaderRecord.java,mobiledevices.dmg.btree.BTreeHeaderRecord,getTreeDepth/0,FALSE,51,0,0,0,0,1,0,3,1,0,0,0,0,0,0,0,0,0,0,0,0,0,0,0,0,0,4,1,0,FALSE
C:\ghidra-master\GPL\DMG\src\dmg\java\mobiledevices\dmg\btree\BTreeHeaderRecord.java,mobiledevices.dmg.btree.BTreeHeaderRecord,getFirstLeafNode/0,FALSE,63,0,0,0,0,1,0,3,1,0,0,0,0,0,0,0,0,0,0,0,0,0,0,0,0,0,5,1,0,FALSE
C:\ghidra-master\GPL\DMG\src\dmg\java\mobiledevices\dmg\btree\BTreeHeaderRecord.java,mobiledevices.dmg.btree.BTreeHeaderRecord,getMaxKeyLength/0,FALSE,75,0,0,0,0,1,0,3,1,0,0,0,0,0,0,0,0,0,0,0,0,0,0,0,0,0,5,1,0,FALSE
C:\ghidra-master\GPL\DMG\src\dmg\java\mobiledevices\dmg\btree\BTreeHeaderRecord.java,mobiledevices.dmg.btree.BTreeHeaderRecord,getTotalNodes/0,FALSE,79,0,0,0,0,1,0,3,1,0,0,0,0,0,0,0,0,0,0,0,0,0,0,0,0,0,4,1,0,FALSE
C:\ghidra-master\GPL\DMG\src\dmg\java\mobiledevices\dmg\btree\BTreeHeaderRecord.java,mobiledevices.dmg.btree.BTreeHeaderRecord,BTreeHeaderRecord/1[mobiledevices.dmg.ghidra.GBinaryReader],TRUE,33,1,5,1,4,1,4,17,0,0,1,4,0,0,0,0,0,0,0,1,15,0,0,0,0,0,11,0,0,FALSE
C:\ghidra-master\GPL\DMG\src\dmg\java\mobiledevices\dmg\reader\DmgInputStream.java,mobiledevices.dmg.reader.DmgInputStream,read/0,FALSE,28,0,0,0,0,1,1,3,1,0,0,1,0,0,0,0,0,0,0,0,0,0,0,0,0,0,4,1,0,FALSE
C:\ghidra-master\GPL\DMG\src\dmg\java\mobiledevices\dmg\reader\DmgInputStream.java,mobiledevices.dmg.reader.DmgInputStream,read/1[byte[]],FALSE,33,1,0,0,0,1,1,3,1,0,1,1,0,0,0,0,0,0,0,0,0,0,0,0,0,0,5,1,0,FALSE
C:\ghidra-master\GPL\DMG\src\dmg\java\mobiledevices\dmg\reader\DmgInputStream.java,mobiledevices.dmg.reader.DmgInputStream,DmgInputStream/1[mobiledevices.dmg.reader.ReadableRandomAccessStream],TRUE,19,1,2,2,0,1,0,3,0,0,1,0,0,0,0,0,0,0,0,0,1,0,0,0,0,0,7,0,0,FALSE
C:\ghidra-master\GPL\DMG\src\dmg\java\mobiledevices\dmg\reader\DmgInputStream.java,mobiledevices.dmg.reader.DmgInputStream,"read/3[byte[],int,int]",FALSE,38,1,0,0,0,1,1,3,1,0,3,1,0,0,0,0,0,0,0,0,0,0,0,0,0,0,5,1,0,FALSE
C:\ghidra-master\GPL\DMG\src\dmg\java\mobiledevices\dmg\reader\DmgInputStream.java,mobiledevices.dmg.reader.DmgInputStream,getLength/0,FALSE,23,0,0,0,0,1,1,3,1,0,0,1,0,0,0,0,0,0,0,0,0,0,0,0,0,0,2,1,0,FALSE
C:\ghidra-master\GPL\DMG\src\dmg\java\mobiledevices\dmg\btree\BTreeRootNodeDescriptor.java,mobiledevices.dmg.btree.BTreeRootNodeDescriptor,BTreeRootNodeDescriptor/1[mobiledevices.dmg.ghidra.GBinaryReader],TRUE,19,5,10,1,9,2,6,16,0,3,1,6,0,0,1,0,0,0,0,2,7,0,1,0,0,0,24,1,0,FALSE
C:\ghidra-master\GPL\DMG\src\dmg\java\mobiledevices\dmg\btree\BTreeRootNodeDescriptor.java,mobiledevices.dmg.btree.BTreeRootNodeDescriptor,getMapRecord/0,FALSE,49,1,0,0,0,1,0,3,1,0,0,0,0,0,0,0,0,0,0,0,0,0,0,0,0,0,6,1,0,FALSE
C:\ghidra-master\GPL\DMG\src\dmg\java\mobiledevices\dmg\btree\BTreeRootNodeDescriptor.java,mobiledevices.dmg.btree.BTreeRootNodeDescriptor,getNode/1[int],FALSE,53,1,0,0,0,2,1,8,2,0,1,1,0,0,0,0,1,0,0,0,0,0,1,0,0,0,9,1,0,FALSE
C:\ghidra-master\GPL\DMG\src\dmg\java\mobiledevices\dmg\btree\BTreeRootNodeDescriptor.java,mobiledevices.dmg.btree.BTreeRootNodeDescriptor,getNodes/0,FALSE,62,1,1,1,0,1,0,3,1,0,0,0,0,0,0,0,0,0,0,0,0,0,0,0,0,0,3,1,0,FALSE
C:\ghidra-master\GPL\DMG\src\dmg\java\mobiledevices\dmg\btree\BTreeRootNodeDescriptor.java,mobiledevices.dmg.btree.BTreeRootNodeDescriptor,getHeaderRecord/0,FALSE,41,1,0,0,0,1,0,3,1,0,0,0,0,0,0,0,0,0,0,0,0,0,0,0,0,0,6,1,0,FALSE
C:\ghidra-master\GPL\DMG\src\dmg\java\mobiledevices\dmg\btree\BTreeRootNodeDescriptor.java,mobiledevices.dmg.btree.BTreeRootNodeDescriptor,getUserDataRecord/0,FALSE,45,1,0,0,0,1,0,3,1,0,0,0,0,0,0,0,0,0,0,0,0,0,0,0,0,0,7,1,0,FALSE
